/************************************************************
    Grupo: 05   |  Curso: L-IG
*  	UC: Administração e Gestão de Informação
*
*	Projeto: RIDE-U   
*
*  	Nome: João Ramos(20200255)
*  	Nome: Martim Bento (20200488)
    Nome: Pedro Cunha (20200908)
*
************************************************************/
use RIDEu
GO
/************************************************************
*  Lista de Entidades Informaconais Primárias
************************************************************/
INSERT INTO Scondutor.Condutor VALUES
('1975-08-31', 'F', ENCRYPTBYASYMKEY(ASYMKEY_ID('CHAVEASSIMETRICA1'),CONVERT(VARCHAR,31686421))
,ENCRYPTBYASYMKEY(ASYMKEY_ID('CHAVEASSIMETRICA1'),CONVERT(VARCHAR,507371801)), 'Tammara', 'Aleswell', 'Ricco', 345172894, 
ENCRYPTBYASYMKEY(ASYMKEY_ID('CHAVEASSIMETRICA1'),CONVERT(VARCHAR,562732))),
('1985-12-01', 'F', ENCRYPTBYASYMKEY(ASYMKEY_ID('CHAVEASSIMETRICA1'),CONVERT(VARCHAR,18469596)),
ENCRYPTBYASYMKEY(ASYMKEY_ID('CHAVEASSIMETRICA1'),CONVERT(VARCHAR,803669762)), 'Jerrylee', 'Huot', 'Pennetti', 615210818, 
ENCRYPTBYASYMKEY(ASYMKEY_ID('CHAVEASSIMETRICA1'),CONVERT(VARCHAR,990863))),
('1987-07-05', 'M',ENCRYPTBYASYMKEY(ASYMKEY_ID('CHAVEASSIMETRICA1'),CONVERT(VARCHAR,41757051)),ENCRYPTBYASYMKEY(ASYMKEY_ID('CHAVEASSIMETRICA1'),CONVERT(VARCHAR,484163415)) 
, 'Gregory', 'Gollin', 'Remnant', 256143093, ENCRYPTBYASYMKEY(ASYMKEY_ID('CHAVEASSIMETRICA1'),CONVERT(VARCHAR,245424))),
('1970-10-08', 'M',ENCRYPTBYASYMKEY(ASYMKEY_ID('CHAVEASSIMETRICA1'),CONVERT(VARCHAR,45687093)),
ENCRYPTBYASYMKEY(ASYMKEY_ID('CHAVEASSIMETRICA1'),CONVERT(VARCHAR,355571823)), 'Austen', 'Yakuntsov', 'Colly', 225043483,
ENCRYPTBYASYMKEY(ASYMKEY_ID('CHAVEASSIMETRICA1'),CONVERT(VARCHAR,284704))),
('1970-11-18', 'F', ENCRYPTBYASYMKEY(ASYMKEY_ID('CHAVEASSIMETRICA1'),CONVERT(VARCHAR,67879471)),
ENCRYPTBYASYMKEY(ASYMKEY_ID('CHAVEASSIMETRICA1'),CONVERT(VARCHAR,750191998)), 'Gilbertine', 'Huot', 'Bullough', 963303811, 
ENCRYPTBYASYMKEY(ASYMKEY_ID('CHAVEASSIMETRICA1'),CONVERT(VARCHAR,913474))),
('1970-06-25', 'F',ENCRYPTBYASYMKEY(ASYMKEY_ID('CHAVEASSIMETRICA1'),CONVERT(VARCHAR,88404033)),
ENCRYPTBYASYMKEY(ASYMKEY_ID('CHAVEASSIMETRICA1'),CONVERT(VARCHAR,395352191)), 'Maggi', 'Gillanders', 'Lorek', 147400412,
ENCRYPTBYASYMKEY(ASYMKEY_ID('CHAVEASSIMETRICA1'),CONVERT(VARCHAR,100020))),
('1970-02-02', 'F', ENCRYPTBYASYMKEY(ASYMKEY_ID('CHAVEASSIMETRICA1'),CONVERT(VARCHAR,52053441)),
 ENCRYPTBYASYMKEY(ASYMKEY_ID('CHAVEASSIMETRICA1'),CONVERT(VARCHAR,763834653)), 'Nanni', 'Vickers', 'Chartman', 372798500,
 ENCRYPTBYASYMKEY(ASYMKEY_ID('CHAVEASSIMETRICA1'),CONVERT(VARCHAR,127655))),
('1970-01-23', 'M',ENCRYPTBYASYMKEY(ASYMKEY_ID('CHAVEASSIMETRICA1'),CONVERT(VARCHAR,43380821)),
ENCRYPTBYASYMKEY(ASYMKEY_ID('CHAVEASSIMETRICA1'),CONVERT(VARCHAR,682820304)), 'Lammond', 'Kilgannon', 'Whitten', 955160595,
ENCRYPTBYASYMKEY(ASYMKEY_ID('CHAVEASSIMETRICA1'),CONVERT(VARCHAR,989708))),
('1970-09-09', 'M',ENCRYPTBYASYMKEY(ASYMKEY_ID('CHAVEASSIMETRICA1'),CONVERT(VARCHAR,75160302)), 
ENCRYPTBYASYMKEY(ASYMKEY_ID('CHAVEASSIMETRICA1'),CONVERT(VARCHAR,626922429)), 'Derward', 'Aiton', 'Dowdell', 274933363,
ENCRYPTBYASYMKEY(ASYMKEY_ID('CHAVEASSIMETRICA1'),CONVERT(VARCHAR,394004))),
('1970-06-02', 'F',ENCRYPTBYASYMKEY(ASYMKEY_ID('CHAVEASSIMETRICA1'),CONVERT(VARCHAR,61721988)),
ENCRYPTBYASYMKEY(ASYMKEY_ID('CHAVEASSIMETRICA1'),CONVERT(VARCHAR,559287889)), 'Tonya', 'Cathery', 'Noyce', 241530257,
ENCRYPTBYASYMKEY(ASYMKEY_ID('CHAVEASSIMETRICA1'),CONVERT(VARCHAR,539945))),
('1970-10-29', 'F',ENCRYPTBYASYMKEY(ASYMKEY_ID('CHAVEASSIMETRICA1'),CONVERT(VARCHAR,18491245)),
ENCRYPTBYASYMKEY(ASYMKEY_ID('CHAVEASSIMETRICA1'),CONVERT(VARCHAR,399139473)), 'Ruthanne', 'O''Hegertie', 'Ibotson', 747855727,
ENCRYPTBYASYMKEY(ASYMKEY_ID('CHAVEASSIMETRICA1'),CONVERT(VARCHAR,374564))),
('1982-05-20', 'F',ENCRYPTBYASYMKEY(ASYMKEY_ID('CHAVEASSIMETRICA1'),CONVERT(VARCHAR,54143213)),
ENCRYPTBYASYMKEY(ASYMKEY_ID('CHAVEASSIMETRICA1'),CONVERT(VARCHAR,323612977)), 'Krissy', 'Semorad', 'Montacute', 242131360,
ENCRYPTBYASYMKEY(ASYMKEY_ID('CHAVEASSIMETRICA1'),CONVERT(VARCHAR,142321))),
('1975-03-05', 'F', ENCRYPTBYASYMKEY(ASYMKEY_ID('CHAVEASSIMETRICA1'),CONVERT(VARCHAR,70083801)),
ENCRYPTBYASYMKEY(ASYMKEY_ID('CHAVEASSIMETRICA1'),CONVERT(VARCHAR,997655070)), 'Toma', 'Semorad', 'Moreside', 197590373,
ENCRYPTBYASYMKEY(ASYMKEY_ID('CHAVEASSIMETRICA1'),CONVERT(VARCHAR,685070))),
('1975-02-20', 'M',ENCRYPTBYASYMKEY(ASYMKEY_ID('CHAVEASSIMETRICA1'),CONVERT(VARCHAR,80713138)),
ENCRYPTBYASYMKEY(ASYMKEY_ID('CHAVEASSIMETRICA1'),CONVERT(VARCHAR,667795601)),'Anatole', 'Dunstone', 'Standen', 223002475,
ENCRYPTBYASYMKEY(ASYMKEY_ID('CHAVEASSIMETRICA1'),CONVERT(VARCHAR,717904))),
('1975-08-14', 'F', ENCRYPTBYASYMKEY(ASYMKEY_ID('CHAVEASSIMETRICA1'),CONVERT(VARCHAR,71457424)),
ENCRYPTBYASYMKEY(ASYMKEY_ID('CHAVEASSIMETRICA1'),CONVERT(VARCHAR,230315012)), 'Alisa', 'McGiven', 'Lynes', 192836288,
ENCRYPTBYASYMKEY(ASYMKEY_ID('CHAVEASSIMETRICA1'),CONVERT(VARCHAR,648410))),
('1975-10-08', 'M',ENCRYPTBYASYMKEY(ASYMKEY_ID('CHAVEASSIMETRICA1'),CONVERT(VARCHAR,67555923)), 
ENCRYPTBYASYMKEY(ASYMKEY_ID('CHAVEASSIMETRICA1'),CONVERT(VARCHAR,799377788)), 'Antony', 'Serck', 'Davion', 343726047, 
ENCRYPTBYASYMKEY(ASYMKEY_ID('CHAVEASSIMETRICA1'),CONVERT(VARCHAR,704798))),
('1975-05-14', 'F', ENCRYPTBYASYMKEY(ASYMKEY_ID('CHAVEASSIMETRICA1'),CONVERT(VARCHAR,14043645)),
ENCRYPTBYASYMKEY(ASYMKEY_ID('CHAVEASSIMETRICA1'),CONVERT(VARCHAR,465124215)), 'Anjela', 'Beaudry', 'Gray', 715355159,
ENCRYPTBYASYMKEY(ASYMKEY_ID('CHAVEASSIMETRICA1'),CONVERT(VARCHAR,535078))),
('1975-08-24', 'M', ENCRYPTBYASYMKEY(ASYMKEY_ID('CHAVEASSIMETRICA1'),CONVERT(VARCHAR,48125671)),
 ENCRYPTBYASYMKEY(ASYMKEY_ID('CHAVEASSIMETRICA1'),CONVERT(VARCHAR,972292159)), 'Renato', 'Boxhill', 'Ionnidis', 390086726,
ENCRYPTBYASYMKEY(ASYMKEY_ID('CHAVEASSIMETRICA1'),CONVERT(VARCHAR,527354))),
('1975-11-26', 'M',ENCRYPTBYASYMKEY(ASYMKEY_ID('CHAVEASSIMETRICA1'),CONVERT(VARCHAR,16030447)),
ENCRYPTBYASYMKEY(ASYMKEY_ID('CHAVEASSIMETRICA1'),CONVERT(VARCHAR,902227601)), 'Gary', 'Vellender', 'Sanz', 694623013,
ENCRYPTBYASYMKEY(ASYMKEY_ID('CHAVEASSIMETRICA1'),CONVERT(VARCHAR,914398))),
('1975-12-12', 'F',ENCRYPTBYASYMKEY(ASYMKEY_ID('CHAVEASSIMETRICA1'),CONVERT(VARCHAR,98724655)),
ENCRYPTBYASYMKEY(ASYMKEY_ID('CHAVEASSIMETRICA1'),CONVERT(VARCHAR,112618191)), 'Tasha', 'Proudley', 'Hamel', 760618951,
ENCRYPTBYASYMKEY(ASYMKEY_ID('CHAVEASSIMETRICA1'),CONVERT(VARCHAR,463879)));

INSERT INTO Scliente.Cliente VALUES
('1999-02-15', 'Selina', 'Farnell', 'Wank', 'F', 167396607),
('2000-05-03', 'Alvy', null, 'Neill', 'M', 479996626),
('1997-01-05', 'Burlie', null, 'McGrowther', 'M', 342187640),
('2000-12-18', 'Trueman', 'Paddon', 'Wellfare', 'M', 813427917),
('2000-08-18', 'Rufe', 'Boldison', 'MacDonough', 'M', 155496264),
('2000-05-10', 'Gianina', null, 'Goldin', 'F', 555456585),
('2001-03-07', 'Siana', 'Guilaem', 'Pollett', 'F', 538934425),
('2011-06-17', 'Nolana', 'McWilliam', 'Stirman', 'F',310197878),
('2000-09-03', 'Tedra', 'Chesson', 'Bolderson', 'F', 936360574),
('2000-07-25', 'Annabelle', 'Hodgins', 'Mion', 'F', 222868906),
('2020-09-27', 'Peder', null, 'Oddie', 'M', 377144833),
('2000-08-06', 'Concettina', 'Toohey', 'Buntin', 'F', 899072233),
('2005-01-05', 'Hendrick', null, 'Desforges', 'M', 987179088),
('2002-09-01', 'Shela', 'Bothe', 'Foxhall', 'F', 113424919),
('2000-11-26', 'Royce', 'Karpmann', 'Lambal', 'M', 447114553),
('2010-12-02', 'Albertine', 'Orry', 'MacLise', 'F', 289796637),
('2004-02-02', 'Garv', 'Helleker', 'Roycroft', 'M', 893116392),
('2010-09-11', 'Ozzie', 'Keys', 'Tollerton', 'M', 865162682),
('2007-03-22', 'Ellsworth', null, 'Daymond', 'M', 296597455),
('2000-06-06', 'Papagena', null, 'Tremmil', 'F', 605288742),
('2000-02-24', 'Ezmeralda', 'Truitt', 'McLise', 'F',820114993),
('2000-04-29', 'Cory', 'Grundell', 'McLeoid', 'M', 941850179),
('2000-08-24', 'Julianna', 'Calver', 'Demonge', 'F', 630502657),
('2000-04-04', 'Griffith', null, 'Scullard', 'M', 487429977),
('2000-06-09', 'Marion', 'Symms', 'Dewer', 'M', 172318552),
('2000-10-05', 'Jamison', 'Watting', 'Hinken', 'M', 177430946),
('2000-06-02', 'Ernestus', 'Twallin', 'Goldsbury', 'M', 635517292),
('2000-11-06', 'Claudina', 'Crampton', 'Treasure', 'F', 669436564),
('2000-07-23', 'Carey', 'Stellman', 'Sheeran', 'M', 423968278),
('2000-12-24', 'Nealson', 'Scragg', 'Wagge', 'M', 727461260);

INSERT INTO CodPostal VALUES
('1100', '340', 'RUA ', 'Lisboa', '1', 'Portugal'),
('1100', '344', 'RUA ', 'Lisboa', '10', 'Portugal'),
('1100', '343', 'RUA ', 'Lisboa', '28', 'Portugal'),
('2830', '200', 'RUA ', 'Setubal', '98', 'Portugal'),
('2860', '320', 'RUA ', 'Setubal', '327', 'Portugal'),
('2935', '312', 'RUA ', 'Setubal', '91', 'Portugal'),
('4000', '340', 'RUA ', 'Porto', '12', 'Portugal'),
('4300', '101', 'RUA ', 'Porto', '79', 'Portugal'),
('4500', '112', 'RUA ', 'Porto', '120', 'Portugal'),
('4100', '200', 'RUA ', 'Porto', '9', 'Portugal'),
('1100', '340', 'RUA ', 'Lisboa', '1', 'Portugal'),
('1100', '344', 'RUA ', 'Lisboa', '10', 'Portugal'),
('1100', '343', 'RUA ', 'Lisboa', '28', 'Portugal'),
('2830', '200', 'RUA ', 'Setubal', '98', 'Portugal'),
('2860', '320', 'RUA ', 'Setubal', '327', 'Portugal'),
('2935', '312', 'RUA ', 'Setubal', '91', 'Portugal'),
('4000', '340', 'RUA ', 'Porto', '12', 'Portugal'),
('4300', '301', 'RUA ', 'Porto', '79', 'Portugal'),
('4500', '112', 'RUA ', 'Porto', '120', 'Portugal'),
('4100', '200', 'RUA ', 'Porto', '9', 'Portugal'),
('1100', '340', 'RUA ', 'Lisboa', '1', 'Portugal'),
('1100', '344', 'RUA ', 'Lisboa', '10', 'Portugal'),
('1100', '343', 'RUA ', 'Lisboa', '28', 'Portugal'),
('2830', '200', 'RUA ', 'Setubal', '98', 'Portugal'),
('2860', '320', 'RUA ', 'Setubal', '327', 'Portugal'),
('2935', '312', 'RUA ', 'Setubal', '91', 'Portugal'),
('4000', '340', 'RUA ', 'Porto', '12', 'Portugal'),
('4300', '701', 'RUA ', 'Porto', '79', 'Portugal'),
('4500', '112', 'RUA ', 'Porto', '120', 'Portugal'),
('4100', '200', 'RUA ', 'Porto', '9', 'Portugal'),
('1100', '340', 'RUA ', 'Lisboa', '1', 'Portugal'),
('1100', '344', 'RUA ', 'Lisboa', '10', 'Portugal'),
('1100', '343', 'RUA ', 'Lisboa', '28', 'Portugal'),
('2830', '200', 'RUA ', 'Setubal', '98', 'Portugal'),
('2860', '320', 'RUA ', 'Setubal', '327', 'Portugal'),
('2935', '312', 'RUA ', 'Setubal', '91', 'Portugal'),
('4000', '340', 'RUA ', 'Porto', '12', 'Portugal'),
('4300', '991', 'RUA ', 'Porto', '79', 'Portugal'),
('4500', '112', 'RUA ', 'Porto', '120', 'Portugal'),
('4100', '200', 'RUA ', 'Porto', '9', 'Portugal'),
('1100', '340', 'RUA ', 'Lisboa', '1', 'Portugal'),
('1100', '344', 'RUA ', 'Lisboa', '10', 'Portugal'),
('1100', '343', 'RUA ', 'Lisboa', '28', 'Portugal'),
('2830', '200', 'RUA ', 'Setubal', '98', 'Portugal'),
('2860', '320', 'RUA ', 'Setubal', '327', 'Portugal'),
('2935', '312', 'RUA ', 'Setubal', '91', 'Portugal'),
('4000', '340', 'RUA ', 'Porto', '12', 'Portugal'),
('4300', '231', 'RUA ', 'Porto', '79', 'Portugal'),
('4500', '112', 'RUA ', 'Porto', '120', 'Portugal'),
('4100', '200', 'RUA ', 'Porto', '9', 'Portugal'),
('1100', '340', 'RUA ', 'Lisboa', '1', 'Portugal'),
('1100', '344', 'RUA ', 'Lisboa', '10', 'Portugal'),
('1100', '343', 'RUA ', 'Lisboa', '28', 'Portugal'),
('2830', '200', 'RUA ', 'Setubal', '98', 'Portugal'),
('2860', '320', 'RUA ', 'Setubal', '327', 'Portugal'),
('2935', '312', 'RUA ', 'Setubal', '91', 'Portugal'),
('4000', '340', 'RUA ', 'Porto', '12', 'Portugal'),
('4300', '701', 'RUA', 'Porto', '79', 'Portugal'),
('4500', '112', 'RUA', 'Porto', '120', 'Portugal'),
('4100', '200', 'RUA ', 'Porto', '9', 'Portugal'),
('1100', '340', 'RUA ', 'Lisboa', '1', 'Portugal'),
('1100', '344', 'RUA ', 'Lisboa', '10', 'Portugal'),
('1100', '343', 'RUA ', 'Lisboa', '28', 'Portugal'),
('2830', '200', 'RUA ', 'Setubal', '98', 'Portugal'),
('2860', '320', 'RUA ', 'Setubal', '327', 'Portugal'),
('2935', '312', 'RUA ', 'Setubal', '91', 'Portugal'),
('4000', '340', 'RUA ', 'Porto', '12', 'Portugal'),
('4300', '431', 'RUA ', 'Porto', '79', 'Portugal'),
('4500', '112', 'RUA ', 'Porto', '120', 'Portugal'),
('4100', '200', 'RUA ', 'Porto', '9', 'Portugal');

INSERT INTO Estatuto VALUES
('Bronze', 0),
('Silver', 2.99),
('Gold', 4.99);

INSERT INTO MetPagamento VALUES
(ENCRYPTBYASYMKEY(ASYMKEY_ID('CHAVEASSIMETRICA1'),CONVERT(VARCHAR,2023)),
ENCRYPTBYASYMKEY(ASYMKEY_ID('CHAVEASSIMETRICA1'),CONVERT(VARCHAR,9)),
ENCRYPTBYASYMKEY(ASYMKEY_ID('CHAVEASSIMETRICA1'),CONVERT(VARCHAR,564572938844244)),
ENCRYPTBYASYMKEY(ASYMKEY_ID('CHAVEASSIMETRICA1'),CONVERT(VARCHAR,341))),
(ENCRYPTBYASYMKEY(ASYMKEY_ID('CHAVEASSIMETRICA1'),CONVERT(VARCHAR,2023)),
ENCRYPTBYASYMKEY(ASYMKEY_ID('CHAVEASSIMETRICA1'),CONVERT(VARCHAR,9)),
ENCRYPTBYASYMKEY(ASYMKEY_ID('CHAVEASSIMETRICA1'),CONVERT(VARCHAR,564572973844244)),
ENCRYPTBYASYMKEY(ASYMKEY_ID('CHAVEASSIMETRICA1'),CONVERT(VARCHAR,341))),
(ENCRYPTBYASYMKEY(ASYMKEY_ID('CHAVEASSIMETRICA1'),CONVERT(VARCHAR,2023)),
ENCRYPTBYASYMKEY(ASYMKEY_ID('CHAVEASSIMETRICA1'),CONVERT(VARCHAR,9)),
ENCRYPTBYASYMKEY(ASYMKEY_ID('CHAVEASSIMETRICA1'),CONVERT(VARCHAR,564572933844274)),
ENCRYPTBYASYMKEY(ASYMKEY_ID('CHAVEASSIMETRICA1'),CONVERT(VARCHAR,341))),
(ENCRYPTBYASYMKEY(ASYMKEY_ID('CHAVEASSIMETRICA1'),CONVERT(VARCHAR,2023)),
ENCRYPTBYASYMKEY(ASYMKEY_ID('CHAVEASSIMETRICA1'),CONVERT(VARCHAR,9)),
ENCRYPTBYASYMKEY(ASYMKEY_ID('CHAVEASSIMETRICA1'),CONVERT(VARCHAR,564572933844244)),
ENCRYPTBYASYMKEY(ASYMKEY_ID('CHAVEASSIMETRICA1'),CONVERT(VARCHAR,341))),
(ENCRYPTBYASYMKEY(ASYMKEY_ID('CHAVEASSIMETRICA1'),CONVERT(VARCHAR,2023)),
ENCRYPTBYASYMKEY(ASYMKEY_ID('CHAVEASSIMETRICA1'),CONVERT(VARCHAR,9)),
ENCRYPTBYASYMKEY(ASYMKEY_ID('CHAVEASSIMETRICA1'),CONVERT(VARCHAR,564572933834244)),
ENCRYPTBYASYMKEY(ASYMKEY_ID('CHAVEASSIMETRICA1'),CONVERT(VARCHAR,341))),
(ENCRYPTBYASYMKEY(ASYMKEY_ID('CHAVEASSIMETRICA1'),CONVERT(VARCHAR,2023)),
ENCRYPTBYASYMKEY(ASYMKEY_ID('CHAVEASSIMETRICA1'),CONVERT(VARCHAR,9)),
ENCRYPTBYASYMKEY(ASYMKEY_ID('CHAVEASSIMETRICA1'),CONVERT(VARCHAR,564572933824244)),
ENCRYPTBYASYMKEY(ASYMKEY_ID('CHAVEASSIMETRICA1'),CONVERT(VARCHAR,341))),
(ENCRYPTBYASYMKEY(ASYMKEY_ID('CHAVEASSIMETRICA1'),CONVERT(VARCHAR,2023)),
ENCRYPTBYASYMKEY(ASYMKEY_ID('CHAVEASSIMETRICA1'),CONVERT(VARCHAR,9)),
ENCRYPTBYASYMKEY(ASYMKEY_ID('CHAVEASSIMETRICA1'),CONVERT(VARCHAR,564572933814244)),
ENCRYPTBYASYMKEY(ASYMKEY_ID('CHAVEASSIMETRICA1'),CONVERT(VARCHAR,341))),
(ENCRYPTBYASYMKEY(ASYMKEY_ID('CHAVEASSIMETRICA1'),CONVERT(VARCHAR,2023)),
ENCRYPTBYASYMKEY(ASYMKEY_ID('CHAVEASSIMETRICA1'),CONVERT(VARCHAR,9)),
ENCRYPTBYASYMKEY(ASYMKEY_ID('CHAVEASSIMETRICA1'),CONVERT(VARCHAR,564572983844244)),
ENCRYPTBYASYMKEY(ASYMKEY_ID('CHAVEASSIMETRICA1'),CONVERT(VARCHAR,341))),
(ENCRYPTBYASYMKEY(ASYMKEY_ID('CHAVEASSIMETRICA1'),CONVERT(VARCHAR,2023)),
ENCRYPTBYASYMKEY(ASYMKEY_ID('CHAVEASSIMETRICA1'),CONVERT(VARCHAR,9)),
ENCRYPTBYASYMKEY(ASYMKEY_ID('CHAVEASSIMETRICA1'),CONVERT(VARCHAR,504572933844244)),
ENCRYPTBYASYMKEY(ASYMKEY_ID('CHAVEASSIMETRICA1'),CONVERT(VARCHAR,341))),
(ENCRYPTBYASYMKEY(ASYMKEY_ID('CHAVEASSIMETRICA1'),CONVERT(VARCHAR,2023)),
ENCRYPTBYASYMKEY(ASYMKEY_ID('CHAVEASSIMETRICA1'),CONVERT(VARCHAR,9)),
ENCRYPTBYASYMKEY(ASYMKEY_ID('CHAVEASSIMETRICA1'),CONVERT(VARCHAR,534572933844244)),
ENCRYPTBYASYMKEY(ASYMKEY_ID('CHAVEASSIMETRICA1'),CONVERT(VARCHAR,341))),
(ENCRYPTBYASYMKEY(ASYMKEY_ID('CHAVEASSIMETRICA1'),CONVERT(VARCHAR,2023)),
ENCRYPTBYASYMKEY(ASYMKEY_ID('CHAVEASSIMETRICA1'),CONVERT(VARCHAR,9)),
ENCRYPTBYASYMKEY(ASYMKEY_ID('CHAVEASSIMETRICA1'),CONVERT(VARCHAR,564522933844244)),
ENCRYPTBYASYMKEY(ASYMKEY_ID('CHAVEASSIMETRICA1'),CONVERT(VARCHAR,341))),
(ENCRYPTBYASYMKEY(ASYMKEY_ID('CHAVEASSIMETRICA1'),CONVERT(VARCHAR,2023)),
ENCRYPTBYASYMKEY(ASYMKEY_ID('CHAVEASSIMETRICA1'),CONVERT(VARCHAR,9)),
ENCRYPTBYASYMKEY(ASYMKEY_ID('CHAVEASSIMETRICA1'),CONVERT(VARCHAR,564571933844244)),
ENCRYPTBYASYMKEY(ASYMKEY_ID('CHAVEASSIMETRICA1'),CONVERT(VARCHAR,341))),
(ENCRYPTBYASYMKEY(ASYMKEY_ID('CHAVEASSIMETRICA1'),CONVERT(VARCHAR,2023)),
ENCRYPTBYASYMKEY(ASYMKEY_ID('CHAVEASSIMETRICA1'),CONVERT(VARCHAR,9)),
ENCRYPTBYASYMKEY(ASYMKEY_ID('CHAVEASSIMETRICA1'),CONVERT(VARCHAR,564572933844245)),
ENCRYPTBYASYMKEY(ASYMKEY_ID('CHAVEASSIMETRICA1'),CONVERT(VARCHAR,341))),
(ENCRYPTBYASYMKEY(ASYMKEY_ID('CHAVEASSIMETRICA1'),CONVERT(VARCHAR,2023)),
ENCRYPTBYASYMKEY(ASYMKEY_ID('CHAVEASSIMETRICA1'),CONVERT(VARCHAR,9)),
ENCRYPTBYASYMKEY(ASYMKEY_ID('CHAVEASSIMETRICA1'),CONVERT(VARCHAR,564572933844246)),
ENCRYPTBYASYMKEY(ASYMKEY_ID('CHAVEASSIMETRICA1'),CONVERT(VARCHAR,341))),
(ENCRYPTBYASYMKEY(ASYMKEY_ID('CHAVEASSIMETRICA1'),CONVERT(VARCHAR,2023)),
ENCRYPTBYASYMKEY(ASYMKEY_ID('CHAVEASSIMETRICA1'),CONVERT(VARCHAR,9)),
ENCRYPTBYASYMKEY(ASYMKEY_ID('CHAVEASSIMETRICA1'),CONVERT(VARCHAR,564572933844247)),
ENCRYPTBYASYMKEY(ASYMKEY_ID('CHAVEASSIMETRICA1'),CONVERT(VARCHAR,341))),
(ENCRYPTBYASYMKEY(ASYMKEY_ID('CHAVEASSIMETRICA1'),CONVERT(VARCHAR,2023)),
ENCRYPTBYASYMKEY(ASYMKEY_ID('CHAVEASSIMETRICA1'),CONVERT(VARCHAR,9)),
ENCRYPTBYASYMKEY(ASYMKEY_ID('CHAVEASSIMETRICA1'),CONVERT(VARCHAR,564572933844248)),
ENCRYPTBYASYMKEY(ASYMKEY_ID('CHAVEASSIMETRICA1'),CONVERT(VARCHAR,341))),
(ENCRYPTBYASYMKEY(ASYMKEY_ID('CHAVEASSIMETRICA1'),CONVERT(VARCHAR,2023)),
ENCRYPTBYASYMKEY(ASYMKEY_ID('CHAVEASSIMETRICA1'),CONVERT(VARCHAR,9)),
ENCRYPTBYASYMKEY(ASYMKEY_ID('CHAVEASSIMETRICA1'),CONVERT(VARCHAR,564572933844249)),
ENCRYPTBYASYMKEY(ASYMKEY_ID('CHAVEASSIMETRICA1'),CONVERT(VARCHAR,341))),
(ENCRYPTBYASYMKEY(ASYMKEY_ID('CHAVEASSIMETRICA1'),CONVERT(VARCHAR,2023)),
ENCRYPTBYASYMKEY(ASYMKEY_ID('CHAVEASSIMETRICA1'),CONVERT(VARCHAR,9)),
ENCRYPTBYASYMKEY(ASYMKEY_ID('CHAVEASSIMETRICA1'),CONVERT(VARCHAR,564572933844244)),
ENCRYPTBYASYMKEY(ASYMKEY_ID('CHAVEASSIMETRICA1'),CONVERT(VARCHAR,341))),
(ENCRYPTBYASYMKEY(ASYMKEY_ID('CHAVEASSIMETRICA1'),CONVERT(VARCHAR,2023)),
ENCRYPTBYASYMKEY(ASYMKEY_ID('CHAVEASSIMETRICA1'),CONVERT(VARCHAR,9)),
ENCRYPTBYASYMKEY(ASYMKEY_ID('CHAVEASSIMETRICA1'),CONVERT(VARCHAR,564572933844244)),
ENCRYPTBYASYMKEY(ASYMKEY_ID('CHAVEASSIMETRICA1'),CONVERT(VARCHAR,341))),
(ENCRYPTBYASYMKEY(ASYMKEY_ID('CHAVEASSIMETRICA1'),CONVERT(VARCHAR,2023)),
ENCRYPTBYASYMKEY(ASYMKEY_ID('CHAVEASSIMETRICA1'),CONVERT(VARCHAR,9)),
ENCRYPTBYASYMKEY(ASYMKEY_ID('CHAVEASSIMETRICA1'),CONVERT(VARCHAR,564572933849244)),
ENCRYPTBYASYMKEY(ASYMKEY_ID('CHAVEASSIMETRICA1'),CONVERT(VARCHAR,341))),
(ENCRYPTBYASYMKEY(ASYMKEY_ID('CHAVEASSIMETRICA1'),CONVERT(VARCHAR,2023)),
ENCRYPTBYASYMKEY(ASYMKEY_ID('CHAVEASSIMETRICA1'),CONVERT(VARCHAR,9)),
ENCRYPTBYASYMKEY(ASYMKEY_ID('CHAVEASSIMETRICA1'),CONVERT(VARCHAR,564572933847244)),
ENCRYPTBYASYMKEY(ASYMKEY_ID('CHAVEASSIMETRICA1'),CONVERT(VARCHAR,341))),
(ENCRYPTBYASYMKEY(ASYMKEY_ID('CHAVEASSIMETRICA1'),CONVERT(VARCHAR,2023)),
ENCRYPTBYASYMKEY(ASYMKEY_ID('CHAVEASSIMETRICA1'),CONVERT(VARCHAR,9)),
ENCRYPTBYASYMKEY(ASYMKEY_ID('CHAVEASSIMETRICA1'),CONVERT(VARCHAR,564572936844244)),
ENCRYPTBYASYMKEY(ASYMKEY_ID('CHAVEASSIMETRICA1'),CONVERT(VARCHAR,341))),
(ENCRYPTBYASYMKEY(ASYMKEY_ID('CHAVEASSIMETRICA1'),CONVERT(VARCHAR,2023)),
ENCRYPTBYASYMKEY(ASYMKEY_ID('CHAVEASSIMETRICA1'),CONVERT(VARCHAR,9)),
ENCRYPTBYASYMKEY(ASYMKEY_ID('CHAVEASSIMETRICA1'),CONVERT(VARCHAR,645329338442445)),
ENCRYPTBYASYMKEY(ASYMKEY_ID('CHAVEASSIMETRICA1'),CONVERT(VARCHAR,341))),
(ENCRYPTBYASYMKEY(ASYMKEY_ID('CHAVEASSIMETRICA1'),CONVERT(VARCHAR,2023)),
ENCRYPTBYASYMKEY(ASYMKEY_ID('CHAVEASSIMETRICA1'),CONVERT(VARCHAR,9)),
ENCRYPTBYASYMKEY(ASYMKEY_ID('CHAVEASSIMETRICA1'),CONVERT(VARCHAR,764572933844244)),
ENCRYPTBYASYMKEY(ASYMKEY_ID('CHAVEASSIMETRICA1'),CONVERT(VARCHAR,341))),
(ENCRYPTBYASYMKEY(ASYMKEY_ID('CHAVEASSIMETRICA1'),CONVERT(VARCHAR,2023)),
ENCRYPTBYASYMKEY(ASYMKEY_ID('CHAVEASSIMETRICA1'),CONVERT(VARCHAR,9)),
ENCRYPTBYASYMKEY(ASYMKEY_ID('CHAVEASSIMETRICA1'),CONVERT(VARCHAR,964572933844244)),
ENCRYPTBYASYMKEY(ASYMKEY_ID('CHAVEASSIMETRICA1'),CONVERT(VARCHAR,341))),
(ENCRYPTBYASYMKEY(ASYMKEY_ID('CHAVEASSIMETRICA1'),CONVERT(VARCHAR,2023)),
ENCRYPTBYASYMKEY(ASYMKEY_ID('CHAVEASSIMETRICA1'),CONVERT(VARCHAR,9)),
ENCRYPTBYASYMKEY(ASYMKEY_ID('CHAVEASSIMETRICA1'),CONVERT(VARCHAR,464572933844244)),
ENCRYPTBYASYMKEY(ASYMKEY_ID('CHAVEASSIMETRICA1'),CONVERT(VARCHAR,341))),
(ENCRYPTBYASYMKEY(ASYMKEY_ID('CHAVEASSIMETRICA1'),CONVERT(VARCHAR,2023)),
ENCRYPTBYASYMKEY(ASYMKEY_ID('CHAVEASSIMETRICA1'),CONVERT(VARCHAR,9)),
ENCRYPTBYASYMKEY(ASYMKEY_ID('CHAVEASSIMETRICA1'),CONVERT(VARCHAR,364572933844244)),
ENCRYPTBYASYMKEY(ASYMKEY_ID('CHAVEASSIMETRICA1'),CONVERT(VARCHAR,341))),
(ENCRYPTBYASYMKEY(ASYMKEY_ID('CHAVEASSIMETRICA1'),CONVERT(VARCHAR,2023)),
ENCRYPTBYASYMKEY(ASYMKEY_ID('CHAVEASSIMETRICA1'),CONVERT(VARCHAR,9)),
ENCRYPTBYASYMKEY(ASYMKEY_ID('CHAVEASSIMETRICA1'),CONVERT(VARCHAR,264572933844244)),
ENCRYPTBYASYMKEY(ASYMKEY_ID('CHAVEASSIMETRICA1'),CONVERT(VARCHAR,341))),
(ENCRYPTBYASYMKEY(ASYMKEY_ID('CHAVEASSIMETRICA1'),CONVERT(VARCHAR,2023)),
ENCRYPTBYASYMKEY(ASYMKEY_ID('CHAVEASSIMETRICA1'),CONVERT(VARCHAR,9)),
ENCRYPTBYASYMKEY(ASYMKEY_ID('CHAVEASSIMETRICA1'),CONVERT(VARCHAR,561572933844244)),
ENCRYPTBYASYMKEY(ASYMKEY_ID('CHAVEASSIMETRICA1'),CONVERT(VARCHAR,341))),
(ENCRYPTBYASYMKEY(ASYMKEY_ID('CHAVEASSIMETRICA1'),CONVERT(VARCHAR,2023)),
ENCRYPTBYASYMKEY(ASYMKEY_ID('CHAVEASSIMETRICA1'),CONVERT(VARCHAR,9)),
ENCRYPTBYASYMKEY(ASYMKEY_ID('CHAVEASSIMETRICA1'),CONVERT(VARCHAR,564272933844244)),
ENCRYPTBYASYMKEY(ASYMKEY_ID('CHAVEASSIMETRICA1'),CONVERT(VARCHAR,341)));


INSERT INTO TaxasSistema VALUES
(25)

INSERT INTO Impostos VALUES
(23)

INSERT INTO Tarifa VALUES
('Curta Distancia', 1, 0.09),
('Longa Distancia', 1.2, 0.06)

/************************************************************
*  POPULATES DE ENTIDADES INFORMACIONAIS FRACAS
************************************************************/
INSERT INTO Sanalista.CartaConducao VALUES
(ENCRYPTBYASYMKEY(ASYMKEY_ID('CHAVEASSIMETRICA1'),CONVERT(VARCHAR,963344393)), '2005-01-28', 1, '2021-12-18 05:23:39'),
(ENCRYPTBYASYMKEY(ASYMKEY_ID('CHAVEASSIMETRICA1'),CONVERT(VARCHAR,962344393)), '2005-12-20', 2, '2022-03-04 23:38:18'),
(ENCRYPTBYASYMKEY(ASYMKEY_ID('CHAVEASSIMETRICA1'),CONVERT(VARCHAR,961344393)), '2005-12-07', 3, '2022-03-11 10:30:40'),
(ENCRYPTBYASYMKEY(ASYMKEY_ID('CHAVEASSIMETRICA1'),CONVERT(VARCHAR,997344393)), '2005-06-20', 4, '2021-10-06 11:11:22'),
(ENCRYPTBYASYMKEY(ASYMKEY_ID('CHAVEASSIMETRICA1'),CONVERT(VARCHAR,987344393)), '2005-11-30', 5, '2021-10-05 19:56:07'),
(ENCRYPTBYASYMKEY(ASYMKEY_ID('CHAVEASSIMETRICA1'),CONVERT(VARCHAR,977344393)), '2005-06-06', 6, '2021-09-03 08:41:43'),
(ENCRYPTBYASYMKEY(ASYMKEY_ID('CHAVEASSIMETRICA1'),CONVERT(VARCHAR,957344393)), '2005-07-13', 7, '2021-11-30 10:50:58'),
(ENCRYPTBYASYMKEY(ASYMKEY_ID('CHAVEASSIMETRICA1'),CONVERT(VARCHAR,947344393)), '2005-04-02', 8, '2022-02-16 02:18:08'),
(ENCRYPTBYASYMKEY(ASYMKEY_ID('CHAVEASSIMETRICA1'),CONVERT(VARCHAR,937344393)), '2005-12-26', 9, '2021-12-17 03:56:47'),
(ENCRYPTBYASYMKEY(ASYMKEY_ID('CHAVEASSIMETRICA1'),CONVERT(VARCHAR,927344393)), '2005-07-15', 10, '2022-04-20 09:35:10'),
(ENCRYPTBYASYMKEY(ASYMKEY_ID('CHAVEASSIMETRICA1'),CONVERT(VARCHAR,917344393)), '2005-01-28', 11, '2021-07-31 01:24:19'),
(ENCRYPTBYASYMKEY(ASYMKEY_ID('CHAVEASSIMETRICA1'),CONVERT(VARCHAR,967344393)), '2005-12-20', 12, '2022-04-07 19:07:39'),
(ENCRYPTBYASYMKEY(ASYMKEY_ID('CHAVEASSIMETRICA1'),CONVERT(VARCHAR,867344393)), '2005-12-07', 13, '2022-01-06 02:52:31'),
(ENCRYPTBYASYMKEY(ASYMKEY_ID('CHAVEASSIMETRICA1'),CONVERT(VARCHAR,767344393)), '2005-06-20', 14, '2021-05-24 16:04:25'),
(ENCRYPTBYASYMKEY(ASYMKEY_ID('CHAVEASSIMETRICA1'),CONVERT(VARCHAR,667344393)), '2005-11-30', 15, '2021-12-06 06:51:35'),
(ENCRYPTBYASYMKEY(ASYMKEY_ID('CHAVEASSIMETRICA1'),CONVERT(VARCHAR,567344393)), '2005-06-06', 16, '2022-04-08 14:40:07'),
(ENCRYPTBYASYMKEY(ASYMKEY_ID('CHAVEASSIMETRICA1'),CONVERT(VARCHAR,467344393)), '2005-07-13', 17, '2022-04-05 12:52:53'),
(ENCRYPTBYASYMKEY(ASYMKEY_ID('CHAVEASSIMETRICA1'),CONVERT(VARCHAR,367344393)), '2005-04-02', 18, '2022-05-11 01:49:52'),
(ENCRYPTBYASYMKEY(ASYMKEY_ID('CHAVEASSIMETRICA1'),CONVERT(VARCHAR,267344393)), '2005-12-26', 19, '2022-05-11 07:55:28'),
(ENCRYPTBYASYMKEY(ASYMKEY_ID('CHAVEASSIMETRICA1'),CONVERT(VARCHAR,167344393)), '2005-07-15', 20, '2022-03-19 15:19:41');



INSERT INTO Sanalista.CLLOGIN VALUES 
(1, ENCRYPTBYASYMKEY(ASYMKEY_ID('CHAVEASSIMETRICA1'),CONVERT(VARCHAR,'swank0@blog.com')),
ENCRYPTBYASYMKEY(ASYMKEY_ID('CHAVEASSIMETRICA1'),CONVERT(VARCHAR,'HSAIG664')),NULL,DEFAULT),
(2, ENCRYPTBYASYMKEY(ASYMKEY_ID('CHAVEASSIMETRICA1'),CONVERT(VARCHAR,'aneill1@cnbc.com')),
ENCRYPTBYASYMKEY(ASYMKEY_ID('CHAVEASSIMETRICA1'),CONVERT(VARCHAR,'UDASH363@')),NULL,DEFAULT),
(3, ENCRYPTBYASYMKEY(ASYMKEY_ID('CHAVEASSIMETRICA1'),CONVERT(VARCHAR,'bmcgrowther2@technorati.com')),
ENCRYPTBYASYMKEY(ASYMKEY_ID('CHAVEASSIMETRICA1'),CONVERT(VARCHAR,'UDASH363@')),NULL,DEFAULT),
(4, ENCRYPTBYASYMKEY(ASYMKEY_ID('CHAVEASSIMETRICA1'),CONVERT(VARCHAR,'btwellfare3@domainmarket.com')),
ENCRYPTBYASYMKEY(ASYMKEY_ID('CHAVEASSIMETRICA1'),CONVERT(VARCHAR,'UDASH363@')),NULL,DEFAULT),
(5, ENCRYPTBYASYMKEY(ASYMKEY_ID('CHAVEASSIMETRICA1'),CONVERT(VARCHAR,'rmacdonough4@taobao.com')),
ENCRYPTBYASYMKEY(ASYMKEY_ID('CHAVEASSIMETRICA1'),CONVERT(VARCHAR,'UDASH363@')),NULL,DEFAULT),
(6, ENCRYPTBYASYMKEY(ASYMKEY_ID('CHAVEASSIMETRICA1'),CONVERT(VARCHAR,'ggoldin5@engadget.com')),
ENCRYPTBYASYMKEY(ASYMKEY_ID('CHAVEASSIMETRICA1'),CONVERT(VARCHAR,'UDASH363@')),NULL,DEFAULT),
(7, ENCRYPTBYASYMKEY(ASYMKEY_ID('CHAVEASSIMETRICA1'),CONVERT(VARCHAR,'spollett6@ustream.tv')),
ENCRYPTBYASYMKEY(ASYMKEY_ID('CHAVEASSIMETRICA1'),CONVERT(VARCHAR,'UDASH363@')),NULL,DEFAULT),
(8, ENCRYPTBYASYMKEY(ASYMKEY_ID('CHAVEASSIMETRICA1'),CONVERT(VARCHAR,'nstirman7@dedecms.com')),
ENCRYPTBYASYMKEY(ASYMKEY_ID('CHAVEASSIMETRICA1'),CONVERT(VARCHAR,'UDASH363@')),NULL,DEFAULT),
(9, ENCRYPTBYASYMKEY(ASYMKEY_ID('CHAVEASSIMETRICA1'),CONVERT(VARCHAR,'tbolderson8@php.net')),
ENCRYPTBYASYMKEY(ASYMKEY_ID('CHAVEASSIMETRICA1'),CONVERT(VARCHAR,'UDASH363@')),NULL,DEFAULT),
(10, ENCRYPTBYASYMKEY(ASYMKEY_ID('CHAVEASSIMETRICA1'),CONVERT(VARCHAR,'amion9@marriott.com')),
ENCRYPTBYASYMKEY(ASYMKEY_ID('CHAVEASSIMETRICA1'),CONVERT(VARCHAR,'UDASH363@')),NULL,DEFAULT),
(11, ENCRYPTBYASYMKEY(ASYMKEY_ID('CHAVEASSIMETRICA1'),CONVERT(VARCHAR,'poddiea@comcast.net')),
ENCRYPTBYASYMKEY(ASYMKEY_ID('CHAVEASSIMETRICA1'),CONVERT(VARCHAR,'UDASH363@')),NULL,DEFAULT),
(12, ENCRYPTBYASYMKEY(ASYMKEY_ID('CHAVEASSIMETRICA1'),CONVERT(VARCHAR,'cbuntinb@odnoklassniki.ru')),
ENCRYPTBYASYMKEY(ASYMKEY_ID('CHAVEASSIMETRICA1'),CONVERT(VARCHAR,'UDASH363@')),NULL,DEFAULT),
(13, ENCRYPTBYASYMKEY(ASYMKEY_ID('CHAVEASSIMETRICA1'),CONVERT(VARCHAR,'hdesforgesc@imgur.com')),
ENCRYPTBYASYMKEY(ASYMKEY_ID('CHAVEASSIMETRICA1'),CONVERT(VARCHAR,'UDASH363@')),NULL,DEFAULT),
(14, ENCRYPTBYASYMKEY(ASYMKEY_ID('CHAVEASSIMETRICA1'),CONVERT(VARCHAR,'sfoxhalld@tripod.com')),
ENCRYPTBYASYMKEY(ASYMKEY_ID('CHAVEASSIMETRICA1'),CONVERT(VARCHAR,'UDASH363@')),NULL,DEFAULT),
(15, ENCRYPTBYASYMKEY(ASYMKEY_ID('CHAVEASSIMETRICA1'),CONVERT(VARCHAR,'rlambale@ustream.tv')),
ENCRYPTBYASYMKEY(ASYMKEY_ID('CHAVEASSIMETRICA1'),CONVERT(VARCHAR,'UDASH363@')),NULL,DEFAULT),
(16, ENCRYPTBYASYMKEY(ASYMKEY_ID('CHAVEASSIMETRICA1'),CONVERT(VARCHAR,'amaclisef@tamu.edu')),
ENCRYPTBYASYMKEY(ASYMKEY_ID('CHAVEASSIMETRICA1'),CONVERT(VARCHAR,'HSAIG664')),NULL,DEFAULT),
(17, ENCRYPTBYASYMKEY(ASYMKEY_ID('CHAVEASSIMETRICA1'),CONVERT(VARCHAR,'groycroftg@state.tx.us')),
ENCRYPTBYASYMKEY(ASYMKEY_ID('CHAVEASSIMETRICA1'),CONVERT(VARCHAR,'UDASH363@')),NULL,DEFAULT),
(18, ENCRYPTBYASYMKEY(ASYMKEY_ID('CHAVEASSIMETRICA1'),CONVERT(VARCHAR,'emclisek@booking.com')),
ENCRYPTBYASYMKEY(ASYMKEY_ID('CHAVEASSIMETRICA1'),CONVERT(VARCHAR,'UDASH363@')),NULL,DEFAULT),
(19, ENCRYPTBYASYMKEY(ASYMKEY_ID('CHAVEASSIMETRICA1'),CONVERT(VARCHAR,'edaymondi@foxnews.com')),
ENCRYPTBYASYMKEY(ASYMKEY_ID('CHAVEASSIMETRICA1'),CONVERT(VARCHAR,'UDASH363@')),NULL,DEFAULT),
(20, ENCRYPTBYASYMKEY(ASYMKEY_ID('CHAVEASSIMETRICA1'),CONVERT(VARCHAR,'ptremmilj@google.co.jp')),
ENCRYPTBYASYMKEY(ASYMKEY_ID('CHAVEASSIMETRICA1'),CONVERT(VARCHAR,'UDASH363@')),NULL,DEFAULT),
(21, ENCRYPTBYASYMKEY(ASYMKEY_ID('CHAVEASSIMETRICA1'),CONVERT(VARCHAR,'ggoldin5@engadget.com')),
ENCRYPTBYASYMKEY(ASYMKEY_ID('CHAVEASSIMETRICA1'),CONVERT(VARCHAR,'UDASH363@')),NULL,DEFAULT),
(22, ENCRYPTBYASYMKEY(ASYMKEY_ID('CHAVEASSIMETRICA1'),CONVERT(VARCHAR,'cmcleoidl@skyrock.com')),
ENCRYPTBYASYMKEY(ASYMKEY_ID('CHAVEASSIMETRICA1'),CONVERT(VARCHAR,'UDASH363@')),NULL,DEFAULT),
(23, ENCRYPTBYASYMKEY(ASYMKEY_ID('CHAVEASSIMETRICA1'),CONVERT(VARCHAR,'jdemongem@ca.gov')),
ENCRYPTBYASYMKEY(ASYMKEY_ID('CHAVEASSIMETRICA1'),CONVERT(VARCHAR,'UDASH363@')),NULL,DEFAULT),
(24, ENCRYPTBYASYMKEY(ASYMKEY_ID('CHAVEASSIMETRICA1'),CONVERT(VARCHAR,'gscullardn@1und1.de')),
ENCRYPTBYASYMKEY(ASYMKEY_ID('CHAVEASSIMETRICA1'),CONVERT(VARCHAR,'UDASH363@')),NULL,DEFAULT),
(25, ENCRYPTBYASYMKEY(ASYMKEY_ID('CHAVEASSIMETRICA1'),CONVERT(VARCHAR,'mdewero@cpanel.net')),
ENCRYPTBYASYMKEY(ASYMKEY_ID('CHAVEASSIMETRICA1'),CONVERT(VARCHAR,'UDASH363@')),NULL,DEFAULT),
(26, ENCRYPTBYASYMKEY(ASYMKEY_ID('CHAVEASSIMETRICA1'),CONVERT(VARCHAR,'jhinkenp@360.cn')),
ENCRYPTBYASYMKEY(ASYMKEY_ID('CHAVEASSIMETRICA1'),CONVERT(VARCHAR,'UDASH363@')),NULL,DEFAULT),
(27, ENCRYPTBYASYMKEY(ASYMKEY_ID('CHAVEASSIMETRICA1'),CONVERT(VARCHAR,'egoldsburyq@newsvine.com')),
ENCRYPTBYASYMKEY(ASYMKEY_ID('CHAVEASSIMETRICA1'),CONVERT(VARCHAR,'UDASH363@')),NULL,DEFAULT),
(28, ENCRYPTBYASYMKEY(ASYMKEY_ID('CHAVEASSIMETRICA1'),CONVERT(VARCHAR,'ctreasurer@usatoday.com')),
ENCRYPTBYASYMKEY(ASYMKEY_ID('CHAVEASSIMETRICA1'),CONVERT(VARCHAR,'UDASH363@')),NULL,DEFAULT),
(29, ENCRYPTBYASYMKEY(ASYMKEY_ID('CHAVEASSIMETRICA1'),CONVERT(VARCHAR,'csheerans@1688.com')),
ENCRYPTBYASYMKEY(ASYMKEY_ID('CHAVEASSIMETRICA1'),CONVERT(VARCHAR,'UDASH363@')),NULL,DEFAULT),
(30, ENCRYPTBYASYMKEY(ASYMKEY_ID('CHAVEASSIMETRICA1'),CONVERT(VARCHAR,'nwagget@pbs.org')),
ENCRYPTBYASYMKEY(ASYMKEY_ID('CHAVEASSIMETRICA1'),CONVERT(VARCHAR,'UDASH363@')),NULL,DEFAULT)


INSERT INTO Sanalista.CONLOGIN VALUES 
(1, ENCRYPTBYASYMKEY(ASYMKEY_ID('CHAVEASSIMETRICA1'),CONVERT(VARCHAR,'swank0@blog.com')),
ENCRYPTBYASYMKEY(ASYMKEY_ID('CHAVEASSIMETRICA1'),CONVERT(VARCHAR,'HSAIG664')),NULL,DEFAULT),
(2, ENCRYPTBYASYMKEY(ASYMKEY_ID('CHAVEASSIMETRICA1'),CONVERT(VARCHAR,'aneill1@cnbc.com')),
ENCRYPTBYASYMKEY(ASYMKEY_ID('CHAVEASSIMETRICA1'),CONVERT(VARCHAR,'UDASH363@')),NULL,DEFAULT),
(3, ENCRYPTBYASYMKEY(ASYMKEY_ID('CHAVEASSIMETRICA1'),CONVERT(VARCHAR,'bmcgrowther2@technorati.com')),
ENCRYPTBYASYMKEY(ASYMKEY_ID('CHAVEASSIMETRICA1'),CONVERT(VARCHAR,'UDASH363@')),NULL,DEFAULT),
(4, ENCRYPTBYASYMKEY(ASYMKEY_ID('CHAVEASSIMETRICA1'),CONVERT(VARCHAR,'btwellfare3@domainmarket.com')),
ENCRYPTBYASYMKEY(ASYMKEY_ID('CHAVEASSIMETRICA1'),CONVERT(VARCHAR,'UDASH363@')),NULL,DEFAULT),
(5, ENCRYPTBYASYMKEY(ASYMKEY_ID('CHAVEASSIMETRICA1'),CONVERT(VARCHAR,'rmacdonough4@taobao.com')),
ENCRYPTBYASYMKEY(ASYMKEY_ID('CHAVEASSIMETRICA1'),CONVERT(VARCHAR,'UDASH363@')),NULL,DEFAULT),
(6, ENCRYPTBYASYMKEY(ASYMKEY_ID('CHAVEASSIMETRICA1'),CONVERT(VARCHAR,'ggoldin5@engadget.com')),
ENCRYPTBYASYMKEY(ASYMKEY_ID('CHAVEASSIMETRICA1'),CONVERT(VARCHAR,'UDASH363@')),NULL,DEFAULT),
(7, ENCRYPTBYASYMKEY(ASYMKEY_ID('CHAVEASSIMETRICA1'),CONVERT(VARCHAR,'spollett6@ustream.tv')),
ENCRYPTBYASYMKEY(ASYMKEY_ID('CHAVEASSIMETRICA1'),CONVERT(VARCHAR,'UDASH363@')),NULL,DEFAULT),
(8, ENCRYPTBYASYMKEY(ASYMKEY_ID('CHAVEASSIMETRICA1'),CONVERT(VARCHAR,'nstirman7@dedecms.com')),
ENCRYPTBYASYMKEY(ASYMKEY_ID('CHAVEASSIMETRICA1'),CONVERT(VARCHAR,'UDASH363@')),NULL,DEFAULT),
(9, ENCRYPTBYASYMKEY(ASYMKEY_ID('CHAVEASSIMETRICA1'),CONVERT(VARCHAR,'tbolderson8@php.net')),
ENCRYPTBYASYMKEY(ASYMKEY_ID('CHAVEASSIMETRICA1'),CONVERT(VARCHAR,'UDASH363@')),NULL,DEFAULT),
(10, ENCRYPTBYASYMKEY(ASYMKEY_ID('CHAVEASSIMETRICA1'),CONVERT(VARCHAR,'amion9@marriott.com')),
ENCRYPTBYASYMKEY(ASYMKEY_ID('CHAVEASSIMETRICA1'),CONVERT(VARCHAR,'UDASH363@')),NULL,DEFAULT),
(11, ENCRYPTBYASYMKEY(ASYMKEY_ID('CHAVEASSIMETRICA1'),CONVERT(VARCHAR,'poddiea@comcast.net')),
ENCRYPTBYASYMKEY(ASYMKEY_ID('CHAVEASSIMETRICA1'),CONVERT(VARCHAR,'UDASH363@')),NULL,DEFAULT),
(12, ENCRYPTBYASYMKEY(ASYMKEY_ID('CHAVEASSIMETRICA1'),CONVERT(VARCHAR,'cbuntinb@odnoklassniki.ru')),
ENCRYPTBYASYMKEY(ASYMKEY_ID('CHAVEASSIMETRICA1'),CONVERT(VARCHAR,'UDASH363@')),NULL,DEFAULT),
(13, ENCRYPTBYASYMKEY(ASYMKEY_ID('CHAVEASSIMETRICA1'),CONVERT(VARCHAR,'hdesforgesc@imgur.com')),
ENCRYPTBYASYMKEY(ASYMKEY_ID('CHAVEASSIMETRICA1'),CONVERT(VARCHAR,'UDASH363@')),NULL,DEFAULT),
(14, ENCRYPTBYASYMKEY(ASYMKEY_ID('CHAVEASSIMETRICA1'),CONVERT(VARCHAR,'sfoxhalld@tripod.com')),
ENCRYPTBYASYMKEY(ASYMKEY_ID('CHAVEASSIMETRICA1'),CONVERT(VARCHAR,'UDASH363@')),NULL,DEFAULT),
(15, ENCRYPTBYASYMKEY(ASYMKEY_ID('CHAVEASSIMETRICA1'),CONVERT(VARCHAR,'rlambale@ustream.tv')),
ENCRYPTBYASYMKEY(ASYMKEY_ID('CHAVEASSIMETRICA1'),CONVERT(VARCHAR,'UDASH363@')),NULL,DEFAULT),
(16, ENCRYPTBYASYMKEY(ASYMKEY_ID('CHAVEASSIMETRICA1'),CONVERT(VARCHAR,'amaclisef@tamu.edu')),
ENCRYPTBYASYMKEY(ASYMKEY_ID('CHAVEASSIMETRICA1'),CONVERT(VARCHAR,'HSAIG664')),NULL,DEFAULT),
(17, ENCRYPTBYASYMKEY(ASYMKEY_ID('CHAVEASSIMETRICA1'),CONVERT(VARCHAR,'groycroftg@state.tx.us')),
ENCRYPTBYASYMKEY(ASYMKEY_ID('CHAVEASSIMETRICA1'),CONVERT(VARCHAR,'UDASH363@')),NULL,DEFAULT),
(18, ENCRYPTBYASYMKEY(ASYMKEY_ID('CHAVEASSIMETRICA1'),CONVERT(VARCHAR,'emclisek@booking.com')),
ENCRYPTBYASYMKEY(ASYMKEY_ID('CHAVEASSIMETRICA1'),CONVERT(VARCHAR,'UDASH363@')),NULL,DEFAULT),
(19, ENCRYPTBYASYMKEY(ASYMKEY_ID('CHAVEASSIMETRICA1'),CONVERT(VARCHAR,'edaymondi@foxnews.com')),
ENCRYPTBYASYMKEY(ASYMKEY_ID('CHAVEASSIMETRICA1'),CONVERT(VARCHAR,'UDASH363@')),NULL,DEFAULT),
(20, ENCRYPTBYASYMKEY(ASYMKEY_ID('CHAVEASSIMETRICA1'),CONVERT(VARCHAR,'ptremmilj@google.co.jp')),
ENCRYPTBYASYMKEY(ASYMKEY_ID('CHAVEASSIMETRICA1'),CONVERT(VARCHAR,'UDASH363@')),NULL,DEFAULT)

/************************************************************
*  POPULATES DE ENTIDADES COM FK
************************************************************/	
INSERT INTO Sanalista.Fatura VALUES
('2022-02-19 12:00:11', 255733544, 1, 1),
('2022-03-03 11:04:38', 274876749, 1, 1),
('2022-03-05 11:42:44', 137363233, 1, 1),
('2022-01-08 22:34:32', 236026178, 1, 1),
('2022-03-31 20:42:53', 166604278, 1, 1),
('2022-03-15 11:56:49', 187069721, 1, 1),
('2022-01-02 20:01:59', 226735011, 1, 1),
('2022-03-19 22:55:02', 217850705, 1, 1),
('2022-02-12 13:27:43', 161652572, 1, 1),
('2022-02-18 07:20:37', 246084626, 1, 1),
('2022-03-12 13:27:12', 151590892, 1, 1),
('2022-02-27 19:06:46', 193799371, 1, 1),
('2022-03-07 10:06:09', 148847839, 1, 1),
('2022-04-03 23:38:16', 117629501, 1, 1),
('2022-03-23 15:30:53', 135209313, 1, 1),
('2022-03-21 08:37:54', 268802925, 1, 1),
('2022-01-06 08:52:27', 235947920, 1, 1),
('2022-03-26 17:38:55', 284587285, 1, 1),
('2022-03-29 04:28:07', 133825369, 1, 1),
('2022-04-09 07:16:49', 157687770, 1, 1),
('2022-01-23 00:36:39', 230785709, 1, 1),
('2022-03-02 10:55:08', 130365610, 1, 1),
('2022-02-09 12:25:45', 171033736, 1, 1),
('2022-03-25 22:58:46', 288735237, 1, 1),
('2022-03-14 20:26:10', 121136359, 1, 1),
('2022-01-18 07:16:03', 120664542, 1, 1),
('2022-03-04 01:54:25', 170799645, 1, 1),
('2022-02-03 17:35:33', 233806939, 1, 1),
('2022-03-15 03:37:16', 269413416, 1, 1),
('2022-01-10 05:04:13', 234952062, 1, 1),
('2022-03-23 01:58:28', 257653302, 1, 1),
('2022-03-13 18:55:53', 214216886, 1, 1),
('2022-03-11 10:13:44', 251636893, 1, 1),
('2022-03-14 09:34:17', 274085258, 1, 1),
('2022-02-16 17:00:44', 225845410, 1, 1),
('2022-03-06 12:14:04', 256146935, 1, 1),
('2022-01-07 15:56:14', 182236380, 1, 1),
('2022-02-05 16:52:49', 205346180, 1, 1),
('2022-01-15 14:46:19', 135133815, 1, 1),
('2022-02-16 14:57:01', 271249433, 1, 1),
('2022-01-30 14:53:19', 233963646, 1, 1),
('2022-02-15 08:30:05', 268530942, 1, 1),
('2022-01-08 08:59:54', 268474129, 1, 1),
('2022-04-02 16:14:04', 182013669, 1, 1),
('2022-04-04 16:58:01', 298653038, 1, 1),
('2022-03-06 04:19:14', 287447345, 1, 1),
('2022-02-20 20:20:54', 158756909, 1, 1),
('2022-01-06 20:48:15', 254094975, 1, 1),
('2022-01-18 09:24:51', 118878352, 1, 1),
('2022-02-11 10:25:05', 115849652, 1, 1),
('2022-02-07 23:07:16', 260957262, 1, 1),
('2022-04-04 15:39:26', 169237961, 1, 1),
('2022-04-04 13:43:29', 177264630, 1, 1),
('2022-02-08 05:35:33', 177879182, 1, 1),
('2022-01-19 06:01:40', 111790508, 1, 1),
('2022-01-23 16:07:29', 101933093, 1, 1),
('2022-01-17 04:39:10', 270872555, 1, 1),
('2022-01-25 03:56:19', 149967199, 1, 1),
('2022-02-09 03:03:14', 297518660, 1, 1),
('2022-01-16 21:21:32', 152336036, 1, 1),
('2022-03-20 17:22:36', 287478088, 1, 1),
('2022-03-07 02:42:14', 225695829, 1, 1),
('2022-03-03 12:56:54', 189634316, 1, 1),
('2022-03-25 21:11:12', 179670586, 1, 1),
('2022-03-14 21:05:15', 125372691, 1, 1),
('2022-02-21 04:45:55', 197564227, 1, 1),
('2022-01-28 11:44:23', 107677332, 1, 1),
('2022-03-01 02:03:31', 280526549, 1, 1),
('2022-04-08 19:06:31', 135012833, 1, 1),
('2022-03-29 05:20:40', 182824164, 1, 1),
('2022-01-02 08:13:03', 146923412, 1, 1),
('2022-02-28 08:52:39', 171159588, 1, 1),
('2022-04-03 00:04:11', 195009967, 1, 1),
('2022-04-06 13:57:11', 144205084, 1, 1),
('2022-01-27 14:57:43', 119675381, 1, 1),
('2022-01-26 10:33:29', 299583365, 1, 1),
('2022-03-15 16:43:31', 224275334, 1, 1),
('2022-03-28 02:41:36', 240120302, 1, 1),
('2022-01-15 16:48:00', 267275334, 1, 1),
('2022-02-28 12:21:39', 240124502, 1, 1),
('2021-09-14 16:40:05', 741966408, 1, 1),
('2021-05-19 06:44:01', 347694564, 1, 1),
('2022-01-10 11:42:54', 512964903, 1, 1),
('2021-09-02 19:44:38', 689438787, 1, 1),
('2021-10-01 04:40:13', 504414408, 1, 1);

INSERT INTO Scondutor.Carro VALUES
(1, '2021-11-23 23:43:27', 'Audi', 'Preto', 'Gasoleo', '86ZO85', 5, '2021-09-14', 'A4',ENCRYPTBYASYMKEY(ASYMKEY_ID('CHAVEASSIMETRICA1'),CONVERT(VARCHAR,102311))),
(2, '2022-02-17 06:35:28', 'BMW', 'Preto', 'Gasoleo', '12XX12', 5, '2019-11-15', '116D', ENCRYPTBYASYMKEY(ASYMKEY_ID('CHAVEASSIMETRICA1'),CONVERT(VARCHAR,202311))),
(3, '2021-08-29 23:33:19', 'BMW', 'Cinza', 'Gasoleo', '80XS08', 5, '2020-10-13', '116D', ENCRYPTBYASYMKEY(ASYMKEY_ID('CHAVEASSIMETRICA1'),CONVERT(VARCHAR,302311))),
(4, '2022-01-31 08:33:59', 'Peugeot', 'Branco', 'Eletrico', '16ZD00', 5, '2021-05-07', 'E-2008', ENCRYPTBYASYMKEY(ASYMKEY_ID('CHAVEASSIMETRICA1'),CONVERT(VARCHAR,402311))),
(5, '2021-07-31 18:47:02', 'Fiat', 'Branco', 'Gasolina', '17SD88', 5, '2019-05-06', 'Panda', ENCRYPTBYASYMKEY(ASYMKEY_ID('CHAVEASSIMETRICA1'),CONVERT(VARCHAR,502311))),
(6, '2021-10-31 19:55:45', 'Fiat', 'Branco', 'Gasolina', '25VI82', 5, '2018-07-07', 'Panda', ENCRYPTBYASYMKEY(ASYMKEY_ID('CHAVEASSIMETRICA1'),CONVERT(VARCHAR,602311))),
(7, '2022-03-08 02:26:05', 'Peugeot', 'Cinza', 'Gasoleo', '33SQ87', 5, '2018-02-11', '308', ENCRYPTBYASYMKEY(ASYMKEY_ID('CHAVEASSIMETRICA1'),CONVERT(VARCHAR,702311))),
(8, '2022-04-27 14:35:26', 'Renault', 'Preto', 'Gasolina', '56TA60', 5, '2018-08-15', 'Megane', ENCRYPTBYASYMKEY(ASYMKEY_ID('CHAVEASSIMETRICA1'),CONVERT(VARCHAR,802311))),
(9, '2021-05-23 01:14:37', 'Fiat', 'Azul', 'Gasoleo', '03ZA10', 5, '2019-08-07', 'Tipo', ENCRYPTBYASYMKEY(ASYMKEY_ID('CHAVEASSIMETRICA1'),CONVERT(VARCHAR,902311))),
(10, '2021-08-07 18:14:09', 'Audi', 'Azul', 'Gasoleo', '67ZO15', 5, '2020-10-09', 'A4',ENCRYPTBYASYMKEY(ASYMKEY_ID('CHAVEASSIMETRICA1'),CONVERT(VARCHAR,112311))),
(11, '2021-10-15 09:23:55', 'Peugeot', 'Preto', 'Gasoleo', '86TT85', 5, '2021-09-14', '308', ENCRYPTBYASYMKEY(ASYMKEY_ID('CHAVEASSIMETRICA1'),CONVERT(VARCHAR,122311))),
(12, '2021-06-03 11:31:36', 'Volkswagen', 'Cinza', 'Gasoleo', '12ZZ12', 5, '2019-11-15', 'Golf', ENCRYPTBYASYMKEY(ASYMKEY_ID('CHAVEASSIMETRICA1'),CONVERT(VARCHAR,132311))),
(13, '2021-09-09 14:29:21', 'Renault', 'Prata', 'Gasoleo', '80XA08', 5, '2020-10-13', 'Megane', ENCRYPTBYASYMKEY(ASYMKEY_ID('CHAVEASSIMETRICA1'),CONVERT(VARCHAR,142311))),
(14, '2022-01-11 00:24:55', 'Volkswagen', 'Prata', 'Eletrico', '16XT00', 5, '2021-05-07', 'E-Golf', ENCRYPTBYASYMKEY(ASYMKEY_ID('CHAVEASSIMETRICA1'),CONVERT(VARCHAR,152311))),
(15, '2021-11-15 08:25:18', 'Mercedes', 'Preto', 'Gasoleo', '17ZL88', 5, '2019-05-06', 'A180', ENCRYPTBYASYMKEY(ASYMKEY_ID('CHAVEASSIMETRICA1'),CONVERT(VARCHAR,162311))),
(16, '2021-12-02 12:50:04', 'Renault', 'Branco', 'Gasolina', '25TO82', 5, '2018-07-07', 'Megane', ENCRYPTBYASYMKEY(ASYMKEY_ID('CHAVEASSIMETRICA1'),CONVERT(VARCHAR,172311))),
(17, '2021-05-26 17:38:01', 'Mercedes', 'Azul', 'Gasoleo', '33VB87', 5, '2018-02-11', 'A180', ENCRYPTBYASYMKEY(ASYMKEY_ID('CHAVEASSIMETRICA1'),CONVERT(VARCHAR,182311))),
(18, '2021-05-26 19:25:38', 'Mercedes', 'Azul', 'Gasolina', '56VE60', 5, '2018-08-15', 'A250e', ENCRYPTBYASYMKEY(ASYMKEY_ID('CHAVEASSIMETRICA1'),CONVERT(VARCHAR,192311))),
(19, '2021-11-02 21:20:06', 'Renault', 'Cinza', 'Gasoleo', '03ZQ10', 5, '2019-08-07', 'Megane', ENCRYPTBYASYMKEY(ASYMKEY_ID('CHAVEASSIMETRICA1'),CONVERT(VARCHAR,101311))),
(20, '2021-11-06 18:03:30', 'Peugeot', 'Preto', 'Gasolina', '67XU15', 5, '2020-10-09', '308', ENCRYPTBYASYMKEY(ASYMKEY_ID('CHAVEASSIMETRICA1'),CONVERT(VARCHAR,102311)));

INSERT INTO CARROTIPO VALUES
(1, 'executive'),
(2, 'executive'),
(3, 'executive'),
(4, 'green'),
(5, 'budget'),
(6, 'budget'),
(7, 'budget'),
(8, 'budget'),
(9, 'budget'),
(10, 'executive'),
(11, 'budget'),
(12, 'budget'),
(13, 'budget'),
(14, 'green'),
(15, 'executive'),
(16, 'budget'),
(17, 'executive'),
(18, 'executive'),
(19, 'budget'),
(20, 'budget');

/************************************************************
*  POPULATES DE ENTIDADES DE ASSOCIAÇÃO
************************************************************/	
INSERT INTO Sanalista.Viagem VALUES
('381 Anthes Circle', '2 Marcy Circle', '2022-01-10 03:43:49', '2022-02-22 14:13:53', 932746),
('75 Erie Hill', '253 Lindbergh Avenue', '2022-01-16 01:45:13', '2022-03-29 09:25:35', 617615),
('1 Stone Corner Crossing', '11 Cordelia Road', '2022-01-27 15:12:35', '2022-01-05 18:29:30', 575427),
('5 Pierstorff Avenue', '0 Vermont Center', '2022-02-28 23:26:28', '2022-01-05 17:31:07', 838468),
('2322 Coleman Parkway', '5132 Chive Road', '2022-04-08 22:20:48', '2022-01-12 13:36:20', 516290),
('610 Center Circle', '36 Hallows Parkway', '2022-02-11 09:03:54', '2022-03-31 11:43:44', 777888),
('62194 Fulton Point', '25909 Mayer Court', '2022-02-28 19:33:47', '2022-02-28 06:02:15', 628747),
('40 Logan Street', '947 Namekagon Pass', '2022-03-28 18:55:42', '2022-01-24 07:37:40', 757205),
('803 4th Lane', '3 Mifflin Circle', '2022-02-11 20:50:46', '2022-04-09 07:08:45', 416468),
('9 Graceland Hill', '24 Atwood Park', '2022-02-04 05:45:57', '2022-02-08 23:11:29', 365062),
('26880 Waywood Parkway', '454 Petterle Circle', '2022-01-23 07:28:35', '2022-03-29 02:17:55', 362125),
('02644 Ryan Place', '2541 Dennis Terrace', '2022-01-08 04:13:53', '2022-02-12 20:44:56', 494355),
('293 Dorton Court', '28531 Messerschmidt Parkway', '2022-02-25 04:39:25', '2022-04-05 07:22:57', 567870),
('3880 Holmberg Road', '72 Judy Parkway', '2022-03-20 07:21:00', '2022-04-03 04:27:06', 186963),
('91 Northview Point', '9591 Buell Lane', '2022-01-13 00:00:06', '2022-01-09 12:55:37', 739178),
('0931 Talmadge Crossing', '4 Arkansas Road', '2022-01-01 12:57:54', '2022-03-26 20:44:19', 701246),
('255 Blaine Parkway', '78023 Hansons Crossing', '2022-03-16 16:24:24', '2022-01-23 04:46:56', 307143),
('25 Hauk Point', '21 Dixon Parkway', '2022-01-15 20:05:00', '2022-04-03 14:39:42', 808516),
('411 Mariners Cove Terrace', '78 Beilfuss Center', '2022-01-21 20:14:16', '2022-02-23 07:51:04', 488095),
('4728 Bowman Pass', '89 East Court', '2022-03-11 16:14:12', '2022-01-08 14:01:59', 631514),
('93586 Di Loreto Crossing', '11 Northridge Hill', '2022-03-08 04:05:31', '2022-02-11 16:02:54', 247470),
('253 Fairfield Drive', '45 Sachs Court', '2022-01-12 01:57:50', '2022-01-10 21:35:30', 300661),
('5 Carey Way', '79 Forest Run Center', '2022-01-23 03:09:42', '2022-01-18 04:14:25', 274927),
('300 Warner Pass', '76 Sauthoff Circle', '2022-02-07 04:23:23', '2022-02-06 09:36:41', 734940),
('394 Blackbird Crossing', '52746 Dawn Crossing', '2022-03-25 18:50:35', '2022-01-02 16:41:24', 443001),
('95940 Nova Park', '1206 Carey Court', '2022-02-25 00:50:47', '2022-03-27 16:58:33', 869310),
('312 Onsgard Circle', '6030 Ruskin Terrace', '2022-01-10 18:55:53', '2022-02-07 10:41:35', 615746),
('94821 Brown Plaza', '23 Tennessee Way', '2022-02-22 22:00:49', '2022-03-17 22:51:19', 789394),
('63119 Browning Way', '427 Loeprich Terrace', '2022-04-01 19:36:45', '2022-03-13 21:24:47', 895423),
('70 Dayton Lane', '6 Michigan Alley', '2022-02-22 12:15:46', '2022-01-27 21:30:17', 492512),
('0 Mockingbird Alley', '35821 Lakewood Gardens Terrace', '2022-03-03 22:10:59', '2022-03-09 14:15:53', 431826),
('69610 Bluejay Place', '14 Starling Point', '2022-02-17 08:53:49', '2022-04-09 10:21:57', 561568),
('384 Monument Drive', '400 Morningstar Circle', '2022-02-17 15:22:52', '2022-01-09 17:55:45', 205024),
('43 Dixon Parkway', '7 Barnett Trail', '2022-01-04 08:21:59', '2022-02-20 21:31:34', 355062),
('220 Parkside Center', '908 Jana Circle', '2022-02-20 21:42:03', '2022-02-01 05:55:00', 281634),
('73 Sachtjen Avenue', '325 Gale Way', '2022-02-03 16:55:24', '2022-03-01 01:47:54', 834641),
('8 Alpine Pass', '5816 Anderson Circle', '2022-03-31 18:32:46', '2022-03-27 05:39:58', 268423),
('063 Waxwing Place', '7706 Meadow Vale Avenue', '2022-03-20 07:37:00', '2022-02-10 03:22:12', 786586),
('931 Westridge Junction', '64198 Iowa Place', '2022-01-24 11:23:37', '2022-03-28 03:07:18', 610116),
('2957 Lukken Court', '70893 Manufacturers Point', '2022-02-22 13:26:55', '2022-03-17 07:29:45', 614028),
('5 Milwaukee Center', '04887 Karstens Street', '2022-04-04 14:02:48', '2022-03-11 20:17:46', 100898),
('10545 Service Point', '8 Hoffman Place', '2022-02-23 15:44:22', '2022-01-30 03:42:25', 494141),
('0 West Way', '5223 Debs Drive', '2022-02-10 03:35:13', '2022-01-13 06:06:43', 757284),
('8158 Bunting Way', '085 Nevada Alley', '2022-04-01 21:07:04', '2022-03-31 22:18:15', 512626),
('13 Banding Street', '9641 Oak Valley Terrace', '2022-01-03 21:40:47', '2022-01-16 02:38:28', 524044),
('946 Meadow Ridge Park', '681 Jay Crossing', '2022-01-22 00:59:34', '2022-02-11 16:05:04', 463633),
('18 Lake View Place', '29 Cherokee Center', '2022-01-20 22:12:04', '2022-03-27 05:17:06', 841915),
('21 Menomonie Way', '79186 Havey Center', '2022-03-13 20:13:53', '2022-01-08 05:20:28', 831429),
('95768 Mitchell Hill', '8216 Annamark Pass', '2022-02-06 01:27:42', '2022-03-28 06:05:57', 375471),
('42699 Carey Court', '62533 Lakewood Gardens Way', '2022-03-07 11:09:18', '2022-04-01 10:36:28', 965478),
('76998 Village Avenue', '89 Nevada Circle', '2022-04-09 18:31:40', '2022-01-13 17:35:59', 532478),
('8 Del Mar Street', '92 Scoville Court', '2022-01-13 13:06:36', '2022-01-07 09:14:58', 941841),
('00457 Shasta Hill', '05081 Schlimgen Center', '2022-01-20 03:14:05', '2022-04-02 16:50:37', 269536),
('80164 Mallory Terrace', '9969 Roth Way', '2022-03-22 02:15:26', '2022-01-28 23:14:43', 804722),
('8 Eagle Crest Lane', '17403 Karstens Hill', '2022-01-23 05:58:15', '2022-02-18 14:42:21', 928116),
('7127 Ridgeway Terrace', '53133 Sauthoff Trail', '2022-02-03 13:05:37', '2022-02-20 14:48:01', 171105),
('1 Badeau Plaza', '32 Burrows Crossing', '2022-03-02 11:48:28', '2022-02-19 17:07:23', 356522),
('0 Bunting Crossing', '42947 3rd Center', '2022-01-09 09:51:30', '2022-03-28 13:27:54', 447328),
('361 Debra Pass', '696 Pawling Avenue', '2022-04-09 16:35:26', '2022-03-27 05:39:32', 323095),
('8316 Spohn Place', '4840 Moland Avenue', '2022-02-17 10:48:10', '2022-03-14 14:55:21', 335530),
('95 Briar Crest Plaza', '3 Hoepker Drive', '2022-03-25 03:10:38', '2022-01-18 20:11:25', 868760),
('26 Gerald Circle', '84 Columbus Lane', '2022-03-18 14:20:18', '2022-02-04 07:05:56', 444752),
('0053 Lien Center', '2 Forest Run Street', '2022-01-21 22:05:33', '2022-04-10 15:15:32', 319126),
('542 Del Mar Center', '53 Stuart Terrace', '2022-02-24 09:26:54', '2022-01-29 01:25:26', 775070),
('653 Claremont Terrace', '37670 Quincy Park', '2022-01-20 05:33:35', '2022-02-19 10:25:14', 718479),
('22413 Quincy Avenue', '32 Huxley Drive', '2022-04-08 18:05:06', '2022-02-02 09:37:02', 350835),
('8 Mitchell Terrace', '96 Norway Maple Park', '2022-03-29 03:42:11', '2022-02-28 07:34:17', 240988),
('01785 Mosinee Park', '5 Sage Parkway', '2022-03-26 02:54:57', '2022-03-13 05:21:43', 662804),
('180 Russell Trail', '5517 Westend Park', '2022-01-30 10:23:18', '2022-03-30 01:29:16', 643741),
('1 4th Point', '3 Dakota Park', '2022-03-27 12:31:30', '2022-02-03 14:22:44', 218756),
('8866 Browning Center', '5 Springview Place', '2022-02-20 23:41:00', '2022-02-22 20:42:09', 376424),
('01223 Amoth Plaza', '95909 Sutherland Street', '2022-02-13 04:37:43', '2022-02-15 18:11:49', 475670),
('1 Westport Terrace', '7976 Lighthouse Bay Drive', '2022-01-12 13:07:40', '2022-02-03 07:50:30', 629472),
('3 Waywood Crossing', '96260 Bluestem Court', '2022-03-26 03:44:45', '2022-02-03 16:23:21', 393879),
('5 Londonderry Avenue', '3420 Bartelt Alley', '2022-02-04 12:55:09', '2022-02-13 15:32:37', 845650),
('64447 Harper Center', '52358 Longview Plaza', '2022-01-27 13:22:29', '2022-02-06 06:55:28', 123524),
('76 Forest Run Trail', '3042 Meadow Valley Street', '2022-03-11 08:45:27', '2022-02-05 06:08:39', 113398),
('3 1st Drive', '7 Holy Cross Street', '2022-02-11 12:10:39', '2022-01-30 12:45:40', 182210),
('91161 Crowley Park', '88689 Lake View Drive', '2022-01-10 13:29:11', '2022-02-14 12:24:07', 833210),
('063 Milwaukee Avenue', '94 Eliot Crossing', '2022-02-02 11:57:46', '2022-01-17 17:04:11', 853214)

INSERT INTO Scondutor.CLAVCOND VALUES
('2022-01-27 12:26:51', 1, 12, 17, 1),
('2021-07-07 21:32:03', 4, 8, 8, 2),
('2021-08-04 22:39:50', 5, 20, 12, 3),
('2021-07-01 17:56:32', 2, 9, 5, 4),
('2022-01-10 18:46:50', 1, 4, 15, 5),
('2022-01-16 03:29:02', 2, 30, 12, 6),
('2022-01-02 03:29:57', 4, 20, 11, 7),
('2022-02-17 04:52:02', 1, 5, 8, 8),
('2022-02-01 09:06:41', 1, 16, 19, 9),
('2022-05-13 17:48:27', 1, 15, 1, 10),
('2022-01-11 13:47:16', 5, 5, 9, 11),
('2021-09-24 22:03:16', 3, 17, 11, 12),
('2021-08-31 20:48:54', 3, 3, 9, 13),
('2021-07-07 19:23:17', 4, 24, 17, 14),
('2021-10-13 22:05:47', 4, 8, 1, 15),
('2022-02-07 11:26:23', 5, 7, 8, 16),
('2021-11-02 22:38:46', 3, 13, 19, 17),
('2022-03-08 18:08:08', 5, 8, 16, 18),
('2021-09-06 22:54:08', 1, 25, 3, 19),
('2022-04-21 23:21:09', 1, 2, 18, 20),
('2022-03-28 16:20:28', 5, 13, 18, 21),
('2022-03-17 10:31:09', 2, 25, 8, 22),
('2021-12-07 16:16:38', 4, 12, 3, 23),
('2021-11-02 01:56:30', 1, 12, 15, 24),
('2021-08-29 17:52:55', 5, 2, 1, 25),
('2021-12-10 17:26:25', 1, 30, 14, 26),
('2021-07-18 22:13:51', 2, 20, 1, 27),
('2021-08-18 07:57:45', 1, 11, 6, 28),
('2022-02-09 13:49:38', 1, 12, 18, 29),
('2022-02-01 07:14:30', 1, 16, 20, 30),
('2021-10-17 23:31:22', 5, 25, 14, 31),
('2021-09-16 03:59:38', 5, 3, 1, 32),
('2022-04-14 22:56:10', 3, 10, 16, 33),
('2021-10-15 00:18:54', 4, 17, 6, 34),
('2021-06-09 16:04:56', 4, 28, 5, 35),
('2021-12-24 20:35:44', 4, 8, 20, 36),
('2021-12-21 02:55:37', 2, 27, 10, 37),
('2021-11-01 16:21:01', 4, 16, 9, 38),
('2022-04-09 18:48:31', 1, 21, 4, 39),
('2021-10-26 08:20:58', 4, 16, 11, 40),
('2021-11-10 19:12:30', 4, 16, 8, 41),
('2021-11-01 18:47:51', 4, 10, 8, 42),
('2022-04-24 23:06:44', 3, 22, 2, 43),
('2021-08-11 07:55:11', 1, 24, 9, 44),
('2021-08-22 21:25:48', 4, 12, 11, 45),
('2021-06-01 05:07:10', 3, 28, 13, 46),
('2021-10-22 10:57:04', 3, 4, 12, 47),
('2021-06-19 18:15:43', 4, 1, 11, 48),
('2022-03-25 23:32:18', 4, 18, 16, 49),
('2022-05-09 16:27:08', 4, 29, 19, 50),
('2021-09-13 20:20:48', 2, 5, 4, 51),
('2021-09-20 16:09:25', 3, 10, 6, 52),
('2022-04-21 18:28:57', 1, 13, 16, 53),
('2021-06-14 08:00:18', 3, 7, 16, 54),
('2022-03-11 09:41:08', 1, 1, 15, 55),
('2022-01-08 21:20:29', 1, 29, 9, 56),
('2021-10-29 07:02:08', 2, 22, 20, 57),
('2021-10-22 16:23:53', 1, 25, 20, 58),
('2022-04-22 09:06:12', 3, 12, 7, 59),
('2022-01-19 17:58:00', 2, 24, 10, 60),
('2021-10-19 20:16:41', 5, 22, 11, 61),
('2021-07-31 19:47:45', 2, 23, 19, 62),
('2021-08-17 16:29:31', 3, 28, 19, 63),
('2021-07-02 18:41:16', 5, 29, 17, 64),
('2021-12-28 16:44:41', 1, 26, 12, 65),
('2022-05-01 10:30:56', 4, 1, 12, 66),
('2022-01-01 02:30:50', 2, 21, 7, 67),
('2022-03-28 23:47:25', 5, 2, 16, 68),
('2021-07-10 10:57:58', 4, 18, 2, 69),
('2021-10-05 01:52:46', 4, 28, 16, 70),
('2021-05-30 19:36:20', 2, 20, 14, 71),
('2022-02-21 13:33:57', 5, 17, 7, 72),
('2021-12-06 20:00:42', 4, 19, 3, 73),
('2022-02-09 15:13:36', 4, 17, 3, 74),
('2022-05-13 10:29:59', 2, 30, 19, 75),
('2022-02-06 16:41:17', 1, 15, 14, 76),
('2021-12-20 16:10:06', 1, 29, 20, 77),
('2021-06-02 17:33:05', 1, 21, 20, 78),
('2021-08-02 08:37:50', 1, 28, 18, 79),
('2022-02-01 05:43:24', 4, 3, 11, 80);

INSERT INTO Scliente.CONDAVCL VALUES
('2022-01-27 12:26:51', 1, 17, 12, 1),
('2021-07-07 21:32:03', 4, 8, 8, 2),
('2021-08-04 22:39:50', 5, 12, 20, 3),
('2021-07-01 17:56:32', 2, 5, 9, 4),
('2022-01-10 18:46:50', 1, 15, 4, 5),
('2022-01-16 03:29:02', 2, 12, 30, 6),
('2022-01-02 03:29:57', 4, 11, 20, 7),
('2022-02-17 04:52:02', 1, 8, 5, 8),
('2022-02-01 09:06:41', 1, 19, 16, 9),
('2022-05-13 17:48:27', 1, 1, 15, 10),
('2022-01-11 13:47:16', 5, 9, 5, 11),
('2021-09-24 22:03:16', 3, 11, 17, 12),
('2021-08-31 20:48:54', 3, 9, 3, 13),
('2021-07-07 19:23:17', 4, 17, 24, 14),
('2021-10-13 22:05:47', 4, 1, 8, 15),
('2022-02-07 11:26:23', 5, 8, 7, 16),
('2021-11-02 22:38:46', 3, 19, 13, 17),
('2022-03-08 18:08:08', 5, 16, 8, 18),
('2021-09-06 22:54:08', 1, 3, 25, 19),
('2022-04-21 23:21:09', 1, 18, 2, 20),
('2022-03-28 16:20:28', 5, 18, 13, 21),
('2022-03-17 10:31:09', 2, 8, 25, 22),
('2021-12-07 16:16:38', 4, 3, 12, 23),
('2021-11-02 01:56:30', 1, 15, 12, 24),
('2021-08-29 17:52:55', 5, 1, 2, 25),
('2021-12-10 17:26:25', 1, 14, 30, 26),
('2021-07-18 22:13:51', 2, 1, 20, 27),
('2021-08-18 07:57:45', 1, 6, 11, 28),
('2022-02-09 13:49:38', 1, 18, 12, 29),
('2022-02-01 07:14:30', 1, 20, 16, 30),
('2021-10-17 23:31:22', 5, 14, 25, 31),
('2021-09-16 03:59:38', 5, 1, 3, 32),
('2022-04-14 22:56:10', 3, 16, 10, 33),
('2021-10-15 00:18:54', 4, 6, 17, 34),
('2021-06-09 16:04:56', 4, 5, 28, 35),
('2021-12-24 20:35:44', 4, 20, 8, 36),
('2021-12-21 02:55:37', 2, 10, 27, 37),
('2021-11-01 16:21:01', 4, 9, 16, 38),
('2022-04-09 18:48:31', 1, 4, 21, 39),
('2021-10-26 08:20:58', 4, 11, 16, 40),
('2021-11-10 19:12:30', 4, 8, 16, 41),
('2021-11-01 18:47:51', 4, 8, 10, 42),
('2022-04-24 23:06:44', 3, 2, 22, 43),
('2021-08-11 07:55:11', 1, 9, 24, 44),
('2021-08-22 21:25:48', 4, 11, 12, 45),
('2021-06-01 05:07:10', 3, 13, 28, 46),
('2021-10-22 10:57:04', 3, 12, 4, 47),
('2021-06-19 18:15:43', 4, 11, 1, 48),
('2022-03-25 23:32:18', 4, 16, 18, 49),
('2022-05-09 16:27:08', 4, 19, 29, 50),
('2021-09-13 20:20:48', 2, 4, 5, 51),
('2021-09-20 16:09:25', 3, 6, 10, 52),
('2022-04-21 18:28:57', 1, 16, 13, 53),
('2021-06-14 08:00:18', 3, 16, 7, 54),
('2022-03-11 09:41:08', 1, 15, 1, 55),
('2022-01-08 21:20:29', 1, 9, 29, 56),
('2021-10-29 07:02:08', 2, 20, 2, 57),
('2021-10-22 16:23:53', 1, 20, 25, 58),
('2022-04-22 09:06:12', 3, 7, 12, 59),
('2022-01-19 17:58:00', 2, 10, 24, 60),
('2021-10-19 20:16:41', 5, 11, 22, 61),
('2021-07-31 19:47:45', 2, 19, 23, 62),
('2021-08-17 16:29:31', 3, 19, 28, 63),
('2021-07-02 18:41:16', 5, 17, 29, 64),
('2021-12-28 16:44:41', 1, 12, 26, 65),
('2022-05-01 10:30:56', 4, 12, 1, 66),
('2022-01-01 02:30:50', 2, 7, 21, 67),
('2022-03-28 23:47:25', 5, 16, 2, 68),
('2021-07-10 10:57:58', 4, 2, 18, 69),
('2021-10-05 01:52:46', 4, 16, 28, 70),
('2021-05-30 19:36:20', 2, 14, 20, 71),
('2022-02-21 13:33:57', 5, 7, 17, 72),
('2021-12-06 20:00:42', 4, 3, 19, 73),
('2022-02-09 15:13:36', 4, 3, 17, 74),
('2022-05-13 10:29:59', 2, 19, 30, 75),
('2022-02-06 16:41:17', 1, 14, 15, 76),
('2021-12-20 16:10:06', 1, 20, 29, 77),
('2021-06-02 17:33:05', 1, 20, 21, 78),
('2021-08-02 08:37:50', 1, 18, 28, 79),
('2022-02-01 05:43:24', 4, 11, 3, 80);

INSERT INTO Abranger VALUES
(3, 24, 1),
(13, 5, 2),
(6, 16, 3),
(2, 9, 4),
(1, 20, 5),
(26, 14, 6),
(26, 18, 7),
(5, 6, 8),
(29, 15, 9),
(1, 23, 10),
(28, 23, 11),
(7, 17, 12),
(18, 15, 13),
(23, 26, 14),
(17, 21, 15),
(24, 20, 16),
(6, 13, 17),
(8, 12, 18),
(10, 9, 19),
(11, 5, 20),
(23, 14, 21),
(10, 19, 22),
(27, 7, 23),
(18, 20, 24),
(19, 6, 25),
(12, 3, 26),
(5, 29, 27),
(19, 30, 28),
(24, 8, 29),
(4, 30, 30),
(6, 30, 31),
(18, 20, 32),
(18, 22, 33),
(16, 20, 34),
(2, 1, 35),
(8, 5, 36),
(7, 18, 37),
(6, 4, 38),
(1, 23, 39),
(19, 7, 40),
(12, 28, 41),
(1, 4, 42),
(8, 11, 43),
(24, 7, 44),
(11, 13, 45),
(20, 23, 46),
(9, 1, 47),
(29, 2, 48),
(21, 10, 49),
(17, 23, 50),
(27, 11, 51),
(3, 30, 52),
(14, 15, 53),
(14, 26, 54),
(28, 12, 55),
(27, 29, 56),
(30, 27, 57),
(8, 22, 58),
(11, 25, 59),
(7, 30, 60),
(2, 10, 61),
(17, 7, 62),
(21, 11, 63),
(21, 22, 64),
(3, 19, 65),
(30, 10, 66),
(16, 18, 67),
(7, 8, 68),
(28, 18, 69),
(19, 8, 70),
(5, 19, 71),
(26, 10, 72),
(28, 18, 73),
(17, 11, 74),
(3, 11, 75),
(27, 18, 76),
(25, 23, 77),
(30, 1, 78),
(3, 18, 79),
(27, 4, 80)

INSERT INTO Conter VALUES
(1, 1),
(2, 1),
(3, 1),
(4, 1),
(5, 1),
(6, 1),
(7, 1),
(8, 1),
(9, 1),
(10, 1),
(11, 1),
(12, 1),
(13, 1),
(14, 1),
(15, 1),
(16, 1),
(17, 1),
(18, 1),
(19, 1),
(20, 1),
(21, 1),
(22, 1),
(23, 1),
(24, 1),
(25, 1),
(26, 1),
(27, 1),
(28, 1),
(29, 1),
(30, 1),
(31, 1),
(32, 1),
(33, 1),
(34, 1),
(35, 1),
(36, 1),
(37, 1),
(38, 1),
(39, 1),
(40, 1),
(41, 1),
(42, 1),
(43, 1),
(44, 1),
(45, 1),
(46, 1),
(47, 1),
(48, 1),
(49, 1),
(50, 1),
(51, 1),
(52, 1),
(53, 1),
(54, 1),
(55, 1),
(56, 1),
(57, 1),
(58, 1),
(59, 1),
(60, 1),
(61, 1),
(62, 1),
(63, 1),
(64, 1),
(65, 1),
(66, 1),
(67, 1),
(68, 1),
(69, 1),
(70, 1),
(71, 1),
(72, 1),
(73, 1),
(74, 1),
(75, 1),
(76, 1),
(77, 1),
(78, 1),
(79, 1),
(80, 1);

INSERT INTO Gerar VALUES
('2022-04-02 16:48:37', 1, 1),
('2022-01-01 02:47:14', 2, 2),
('2022-02-28 17:07:10', 3, 3),
('2022-03-02 16:17:17', 4, 4),
('2022-03-04 20:19:46', 5, 5),
('2022-02-20 05:09:59', 6, 6),
('2022-01-16 02:59:13', 7, 7),
('2022-02-13 08:19:18', 8, 8),
('2022-02-16 10:15:08', 9, 9),
('2022-02-22 02:02:13', 10, 10),
('2022-04-08 18:33:32', 11, 11),
('2022-02-12 15:15:54', 12, 12),
('2022-02-08 07:37:18', 13, 13),
('2022-03-05 18:36:55', 14, 14),
('2022-03-28 22:54:10', 15, 15),
('2022-03-23 23:47:17', 16, 16),
('2022-03-31 21:30:33', 17, 17),
('2022-01-09 02:04:45', 18, 18),
('2022-03-30 03:58:34', 19, 19),
('2022-01-16 08:32:28', 20, 20),
('2022-02-13 08:45:45', 21, 21),
('2022-02-15 05:11:25', 22, 22),
('2022-03-24 05:54:28', 23, 23),
('2022-02-03 18:29:09', 24, 24),
('2022-02-23 22:28:34', 25, 25),
('2022-01-31 08:02:37', 26, 26),
('2022-01-20 08:52:21', 27, 27),
('2022-02-18 05:02:18', 28, 28),
('2022-02-04 13:07:23', 29, 29),
('2022-02-13 15:54:40', 30, 30),
('2022-02-11 18:48:48', 31, 31),
('2022-04-10 10:30:26', 32, 32),
('2022-02-16 06:39:10', 33, 33),
('2022-01-01 20:43:25', 34, 34),
('2022-03-16 07:52:15', 35, 35),
('2022-02-14 01:37:28', 36, 36),
('2022-01-21 02:41:58', 37, 37),
('2022-04-04 01:05:31', 38, 38),
('2022-02-05 23:53:35', 39, 39),
('2022-03-07 05:18:36', 40, 40),
('2022-03-20 16:37:11', 41, 41),
('2022-03-26 00:19:35', 42, 42),
('2022-03-08 23:57:17', 43, 43),
('2022-03-13 07:13:40', 44, 44),
('2022-02-16 19:48:21', 45, 45),
('2022-04-06 21:48:57', 46, 46),
('2022-04-03 07:23:16', 47, 47),
('2022-01-15 00:59:22', 48, 48),
('2022-01-10 22:12:52', 49, 49),
('2022-01-13 15:26:53', 50, 50),
('2022-03-31 22:30:37', 51, 51),
('2022-02-03 08:02:49', 52, 52),
('2022-02-15 17:25:36', 53, 53),
('2022-03-18 08:15:14', 54, 54),
('2022-02-03 12:48:08', 55, 55),
('2022-02-15 19:23:19', 56, 56),
('2022-01-12 14:15:52', 57, 57),
('2022-04-09 15:15:45', 58, 58),
('2022-02-06 03:42:37', 59, 59),
('2022-01-16 12:31:02', 60, 60),
('2022-03-21 17:06:10', 61, 61),
('2022-01-17 14:22:09', 62, 62),
('2022-04-02 15:13:50', 63, 63),
('2022-03-16 17:31:33', 64, 64),
('2022-03-09 17:53:32', 65, 65),
('2022-04-07 14:49:26', 66, 66),
('2022-03-21 02:58:10', 67, 67),
('2022-01-06 04:06:00', 68, 68),
('2022-01-01 06:59:26', 69, 69),
('2022-03-18 12:56:56', 70, 70),
('2022-02-06 08:55:41', 71, 71),
('2022-01-19 03:13:31', 72, 72),
('2022-03-24 20:08:41', 73, 73),
('2022-03-09 09:53:46', 74, 74),
('2022-03-03 11:50:01', 75, 75),
('2022-03-13 04:56:34', 76, 76),
('2022-02-22 14:33:25', 77, 77),
('2022-04-01 10:29:46', 78, 78),
('2022-01-26 21:33:39', 79, 79),
('2022-01-08 07:39:23', 80, 80);

INSERT INTO Pagar VALUES
('2022-02-23 10:40:52', 30, 1),
('2022-03-30 01:01:47', 25, 2),
('2022-03-14 14:50:37', 22, 3),
('2022-03-28 16:27:03', 26, 4),
('2022-03-24 20:23:42', 5, 5),
('2022-02-23 20:41:49', 10, 6),
('2022-03-24 03:29:59', 30, 7),
('2022-03-14 08:05:49', 21, 8),
('2022-02-01 10:34:39', 26, 9),
('2022-01-25 14:24:49', 14, 10),
('2022-04-01 09:25:32', 18, 11),
('2022-04-09 13:32:46', 15, 12),
('2022-04-07 05:34:19', 24, 13),
('2022-02-22 22:18:52', 10, 14),
('2022-02-10 16:39:49', 9, 15),
('2022-02-17 05:27:16', 17, 16),
('2022-01-29 03:25:21', 4, 17),
('2022-04-08 16:21:49', 20, 18),
('2022-03-20 03:21:46', 5, 19),
('2022-04-08 13:40:36', 18, 20),
('2022-03-10 22:51:40', 3, 21),
('2022-01-02 15:42:08', 12, 22),
('2022-01-22 09:30:05', 27, 23),
('2022-02-19 13:26:57', 2, 24),
('2022-02-26 02:37:27', 21, 25),
('2022-03-11 00:46:31', 23, 26),
('2022-04-01 22:13:57', 20, 27),
('2022-01-26 12:38:52', 7, 28),
('2022-02-04 21:01:29', 3, 29),
('2022-02-26 12:58:09', 14, 30),
('2022-02-15 18:51:43', 26, 31),
('2022-04-09 18:14:51', 25, 32),
('2022-02-23 12:35:44', 1, 33),
('2022-03-25 02:15:33', 16, 34),
('2022-03-14 18:26:53', 9, 35),
('2022-01-08 06:29:37', 21, 36),
('2022-02-02 11:09:13', 18, 37),
('2022-02-01 15:59:19', 28, 38),
('2022-02-04 06:46:28', 4, 39),
('2022-01-22 19:22:45', 7, 40),
('2022-03-12 19:57:29', 19, 41),
('2022-01-06 09:31:10', 6, 42),
('2022-02-26 07:28:13', 25, 43),
('2022-02-02 18:34:20', 27, 44),
('2022-01-13 12:39:31', 14, 45),
('2022-01-29 08:30:36', 13, 46),
('2022-03-04 05:28:22', 3, 47),
('2022-03-19 16:46:29', 21, 48),
('2022-03-07 16:45:26', 26, 49),
('2022-04-03 05:40:29', 23, 50),
('2022-02-14 01:33:08', 13, 51),
('2022-04-09 14:43:52', 29, 52),
('2022-03-12 13:49:43', 19, 53),
('2022-02-02 00:52:23', 5, 54),
('2022-02-22 05:27:09', 5, 55),
('2022-02-06 16:31:15', 5, 56),
('2022-01-04 05:32:44', 19, 57),
('2022-02-07 11:13:51', 29, 58),
('2022-02-14 20:34:24', 26, 59),
('2022-01-26 09:21:07', 27, 60),
('2022-03-08 20:51:52', 4, 61),
('2022-02-22 15:22:41', 10, 62),
('2022-01-02 13:43:34', 3, 63),
('2022-02-01 13:11:07', 22, 64),
('2022-02-01 10:16:49', 20, 65),
('2022-03-16 23:01:15', 2, 66),
('2022-01-03 19:32:43', 28, 67),
('2022-02-26 04:38:28', 1, 68),
('2022-03-19 16:58:14', 10, 69),
('2022-04-07 16:08:56', 27, 70),
('2022-01-30 19:14:32', 1, 71),
('2022-02-09 18:30:24', 11, 72),
('2022-02-19 02:53:49', 12, 73),
('2022-02-14 13:45:11', 2, 74),
('2022-01-12 03:07:05', 11, 75),
('2022-03-17 03:34:31', 22, 76),
('2022-03-14 05:00:41', 17, 77),
('2022-01-12 05:14:41', 6, 78),
('2022-01-03 06:26:40', 19, 79),
('2022-04-04 12:55:16', 8, 80);

INSERT INTO Deter VALUES
('2022-01-27 18:15:24', 1, 1),
('2022-01-05 22:15:45', 2, 3),
('2022-02-22 15:43:55', 3, 1),
('2022-02-28 22:44:24', 4, 2),
('2022-03-19 15:59:18', 5, 1),
('2022-02-20 14:30:04', 6, 2),
('2022-03-26 15:01:06', 7, 2),
('2022-03-24 20:04:59', 8, 2),
('2022-03-25 08:09:49', 9, 3),
('2022-03-08 03:18:32', 10, 2),
('2022-02-26 16:05:59', 11, 3),
('2022-02-05 04:36:13', 12, 2),
('2022-02-27 13:35:12', 13, 2),
('2022-04-07 17:05:53', 14, 1),
('2022-03-29 20:14:40', 15, 2),
('2022-01-08 17:33:24', 16, 1),
('2022-01-23 22:37:29', 17, 1),
('2022-03-21 01:33:13', 18, 3),
('2022-03-01 04:23:11', 19, 2),
('2022-01-25 17:50:00', 20, 3),
('2022-03-04 01:13:05', 21, 1),
('2022-02-16 19:44:11', 22, 2),
('2022-04-06 08:30:49', 23, 3),
('2022-01-10 23:10:46', 24, 1),
('2022-04-08 14:31:09', 25, 3),
('2022-01-28 16:47:32', 26, 3),
('2022-01-11 17:59:39', 27, 1),
('2022-04-01 13:17:30', 28, 1),
('2022-01-16 23:17:30', 29, 1),
('2022-01-11 10:27:41', 30, 1)

INSERT INTO Ter VALUES
('2022-02-13 14:06:41', 1, 1),
('2022-03-13 01:34:50', 2, 2),
('2022-03-07 08:29:30', 3, 3),
('2021-10-13 18:04:07', 4, 4),
('2022-02-18 14:55:22', 5, 5),
('2021-10-04 03:04:54', 6, 6),
('2021-07-26 19:55:51', 7, 7),
('2021-10-14 18:55:14', 8, 8),
('2021-08-01 22:49:17', 9, 9),
('2021-10-09 06:20:11', 10, 10),
('2022-01-27 08:01:11', 11, 11),
('2021-12-17 21:33:51', 12, 12),
('2022-02-25 01:03:20', 13, 13),
('2021-08-09 06:20:33', 14, 14),
('2021-06-20 02:10:42', 15, 15),
('2021-09-25 12:15:46', 16, 16),
('2021-07-19 06:20:09', 17, 17),
('2021-11-29 01:31:17', 18, 18),
('2022-04-26 01:28:34', 19, 19),
('2021-06-28 13:14:34', 20, 20),
('2021-10-27 09:53:16', 21, 21),
('2021-11-23 16:28:44', 22, 22),
('2022-02-11 05:26:11', 23, 23),
('2022-03-08 15:42:53', 24, 24),
('2022-04-16 03:57:23', 25, 25),
('2021-06-01 20:00:32', 26, 26),
('2021-11-15 21:48:09', 27, 27),
('2021-07-30 07:49:14', 28, 28),
('2021-08-16 03:33:17', 29, 29),
('2021-06-27 20:47:11', 30, 30);

INSERT INTO Obter Values
('2022-03-12 19:36:54', 2.99, 31, 2),
('2022-01-18 23:58:52', 2.99, 32, 2),
('2022-02-01 06:30:31', 4.99, 33, 3),
('2022-03-15 22:14:11', 4.99, 34, 3),
('2022-04-25 21:00:31', 2.99, 35, 2);